ticker,de,da,roe,roa,net_profit_margin,current_ratio,quick_ratio,asset_turnover,debt_ratio
MMM,0.2451934408565945,0.5162342265702538,0.11350550523586653,0.23897632213242592,0.8859395532194481,2.1362025316455697,-0.12151898734177215,0.26974337161491563,0.5162342265702538
AOS,0.6319498152444788,0.5091387427305456,0.21268368136117555,0.17135142619772917,0.4279045643153527,1.0160661005278862,-0.16800550837732384,0.4004430905566325,0.5091387427305456
ABT,1.1065226171243943,0.6363741942976598,0.16720516962843296,0.09616166308576737,0.2989709333814768,1.4281859070464769,-0.11304347826086956,0.32164218105801057,0.6363741942976598
ABBV,12.587334014300307,1.1594843808806925,0.9126659856996936,0.08407038012796388,0.20687659180365825,#####,#####,0.4063793752352277,1.1594843808806925
ABMD,0.38516349881532713,0.17811999244782464,0.1917215966389487,0.08866221604708169,0.4999044646837781,7.742350524381014,4.784048725988395,0.1773583200605465,0.17811999244782464
ACN,3.8335750057366136,0.732572037222793,1.1436564721317257,0.21854554832469933,0.4728485998946482,4.58205290698212,-0.878467428699047,0.462189268136549,0.732572037222793
ATVI,0.45964407693690457,0.3312605259748672,0.2646054287255078,0.19069827697888328,3.3684210526315788,35.80790960451977,32.33898305084746,0.05661355097810597,0.3312605259748672
ADM,#####,0.5819363045749852,#####,0.05033846713007133,0.07302445132801687,0.41525716258198136,-0.4763548498446669,0.6893371496070146,0.5819363045749852
ADBE,0.42175759555700754,0.7766581440818168,0.22157791571381902,0.40803128289968416,6.537349397590361,10.53287197231834,5.7923875432525955,0.0624154008121522,0.7766581440818168
ADBE,#####,#####,#####,#####,#####,#####,#####,#####,#####
ADP,2.1416506717850288,0.9544577542207762,0.09309731996872112,0.041490173963458485,0.6335139318885449,18.71078431372549,-5.223529411764706,0.06549212554769501,0.9544577542207762
AAP,4.614804407690579,0.6938537493012692,1.1405190558989675,0.17148146555599422,0.4883324019796646,0.3448570469593873,0.12058827705612535,0.3511572544865355,0.6938537493012692
AES,#####,#####,#####,#####,#####,#####,#####,#####,#####
AFL,2.9321851453175456,0.9131746563861884,0.28202368137782563,0.08783104257458935,0.3095097460129947,1.1739850869925434,0.0024855012427506215,0.2837747234327858,0.9131746563861884
A,7.98888667065948,19.125219053688067,-0.09569441671657683,-0.2290903297753704,-0.21008035062089117,#####,#####,1.09048908714354,19.125219053688067
AIG,#####,0.4049306625577812,#####,0.07796610169491526,0.25478348439073517,4.366559485530547,1.3762057877813505,0.3060092449922958,0.4049306625577812
APD,9.485150120623594,14.948051118210863,-0.1505058081780769,-0.2371884984025559,-0.4413793103448276,#####,#####,0.5373801916932908,14.948051118210863
AKAM,1.29008165704043,0.28768111919169487,0.3586436964748058,0.0799755731971354,0.5355788534463529,#####,#####,0.14932548714817076,0.28768111919169487
ALK,6.094011865035224,0.2997821704433062,4.640915832406377,0.22830014970367063,1.808723862371931,3.717169617687941,-0.4700697592849998,0.12622167178370805,0.2997821704433062
ALB,6.112759643916914,1.2700369913686806,-0.42729970326409494,-0.08877928483353884,-0.40620592383638926,14.794117647058824,12.049019607843137,0.218557336621455,1.2700369913686806
ARE,#####,0.6197859980483413,#####,0.10179640718562874,0.4397275245435188,1.4081657619084027,0.2716434742717333,0.23149882939737193,0.6197859980483413
ALGN,#####,2.603928955866523,#####,2.576244100356049,2.9211623321753826,#####,#####,0.8819243189533824,2.603928955866523
ALLE,#####,0.8193142622454413,#####,0.19519614633620014,1.7527542074914444,4.256993062208513,-0.950330045164075,0.11136538454845098,0.8193142622454413
LNT,#####,0.47456759799406406,#####,0.09896632893255553,0.19622564935064934,1.5468030690537085,-0.1370843989769821,0.5043496059768703,0.47456759799406406
ALL,#####,1.169108493727856,#####,0.42133486546011684,1.7357001972386588,0.4840660618748546,-0.5736217725052338,0.24274633725940822,1.169108493727856
GOOGL,2.869687643245367,14.87794941436089,0.31448497151463556,1.6304532337463928,6.033291457286432,#####,#####,0.2702427431675437,14.87794941436089
GOOG,#####,0.2928710865438153,#####,0.13244873179534308,1.0641944698970518,4.365649606299213,-0.9480807086614174,0.12445914308139183,0.2928710865438153
MO,#####,0.2928710865438153,#####,0.13244873179534308,1.0641944698970518,4.365649606299213,-0.9480807086614174,0.12445914308139183,0.2928710865438153
AMZN,0.2736934051535886,1.3420902341519132,0.09570534284466443,0.4693032552826956,1.8793596340766152,17.67765567765568,17.164835164835164,0.24971444888635067,1.3420902341519132
AMCR,51.11377245508982,0.8466116060157969,15.185084376701143,0.25151476899772784,0.46020721285511595,0.7341092562113019,0.34383572380280586,0.5465250477873553,0.8466116060157969
AMD,59.3134328358209,0.8762954796030871,10.738805970149254,0.15865490628445425,0.2969214262132717,0.3422385997236297,-0.4020727775218793,0.5343329658213892,0.8762954796030871
AEE,45.074074074074076,0.47641417107065964,15.703703703703704,0.1659816010961049,0.6528098537336413,2.2132169576059852,-0.029925187032418952,0.2542571931884909,0.47641417107065964
AAL,#####,1.2345679012345678,#####,0.6907407407407408,6.048648648648649,#####,#####,0.11419753086419752,1.2345679012345678
AEP,#####,1.3053883530350279,#####,-0.18862861701356154,-0.655328798185941,0.3931914893617021,-0.3548936170212766,0.28783813184422363,1.3053883530350279
AXP,#####,2.368716652625667,#####,0.7503276233267808,11.144595064303093,0.21425061425061426,-1.0097051597051596,0.06732659365346813,2.368716652625667
AMT,#####,0.03769545345200866,#####,-0.022444070242963677,-0.132284134410889,#####,#####,0.16966562424825596,0.03769545345200866
AWK,4.6357610729881475,1.8424657534246576,0.7376013724267,0.29315688340668195,0.9780787922655362,18.83641404805915,12.514787430683919,0.2997272670922953,1.8424657534246576
AMP,6.07183908045977,1.114451476793249,2.6091954022988504,0.47890295358649787,2.3222506393861893,3.366863905325444,0.378698224852071,0.20622362869198313,1.114451476793249
ABC,0.011093238671030008,0.026130128037627383,-0.05524432858172944,-0.13012803762738437,-0.2673107890499195,#####,#####,0.4868042853409982,0.026130128037627383
AME,4.703174871747944,1.0238313178850915,0.18819657310751062,0.0409683991602273,0.027768158993731484,0.1173530456131825,-0.3336456094288624,1.4753732564508761,1.0238313178850915
AMGN,0.64809721333989,0.40421073959084436,0.1301483908611205,0.08117204679129249,0.2603040772958677,3.3513845880313515,1.5136829004489354,0.3118354796226662,0.40421073959084436
APH,#####,0.4596200043677659,#####,0.19305525223848002,2.4748040313549833,7.952173913043478,3.286086956521739,0.07800829875518672,0.4596200043677659
ADI,85.00952380952381,0.3865742745777393,28.752380952380953,0.13074924209614552,0.43636626436366266,1.3882543103448275,-0.39870689655172414,0.29963187527067997,0.3865742745777393
ADI,#####,0.7712218586033297,#####,0.41275137193955225,1.7999557809968834,4.041671172075732,#####,0.22931195104746127,0.7712218586033297
ANSS,#####,#####,#####,#####,#####,#####,#####,#####,#####
ANTM,0.4765880249596859,0.42016621029403584,0.2907882282829699,0.25636268952856606,6.16043445971036,70.87539267015707,33.64493098524512,0.04161438470049387,0.42016621029403584
AON,#####,0.6099136087588743,#####,-0.3462920195021812,-0.3562409256896476,#####,#####,0.9720725344281926,0.6099136087588743
APA,#####,0.915376513954713,#####,0.038704581358609796,0.4417067307692308,#####,#####,0.08762506582411796,0.915376513954713
AAPL,0.5362182502351834,1.031363088057901,0.13891502038256506,0.267189384800965,2.895424836601307,0.29411764705882354,-1.6034858387799564,0.09227985524728588,1.031363088057901
AMAT,#####,0.6805268982258237,#####,0.16192482061899832,0.5421168371737259,0.9450247699929228,0.0370276008492569,0.29868989397779605,0.6805268982258237
AMAT,0.17710270717090307,0.34985303723056826,0.08080181855755321,0.15961789679947747,0.8012295081967213,3.89087656529517,1.2388193202146691,0.1992161985630307,0.34985303723056826
APTV,#####,#####,#####,#####,#####,#####,#####,#####,#####
ANET,#####,0.5282705099778271,#####,0.002402069475240207,0.00667693888032871,1.316340782122905,-0.14385474860335196,0.3597560975609756,0.5282705099778271
AIZ,#####,0.17897758883585071,#####,0.09619813703458714,1.313131351679343,6.512321765739957,3.3934256787551274,0.07325857912962086,0.17897758883585071
T,6.73919706937799,61.73155281629858,0.10287081339712918,0.9423043999315186,0.2864876119092234,#####,#####,3.2891628145865432,61.73155281629858
ATO,3.8712176093619393,1.2283440898240652,1.1485650599052661,0.36444169392626646,1.013373322188898,#####,#####,0.3596322164264875,1.2283440898240652
ADSK,#####,1.1669442788366529,#####,0.7754147990813057,17.908982816814973,#####,#####,0.04329753437215088,1.1669442788366529
AZO,#####,1.1886201733290984,#####,0.3776033395344616,10.286773794808406,14.514112903225806,9.57358870967742,0.036707654612278234,1.1886201733290984
AZO,16.18313150269154,1.0687446241593865,4.181493294285626,0.27614856114115005,1.156750741667061,0.10592658138883126,#####,0.23872780124020168,1.0687446241593865
AVB,#####,#####,#####,#####,#####,#####,#####,#####,#####
AVY,#####,1.4934687738117622,#####,1.0602010826002197,2.898342339661434,#####,#####,0.3657956715782807,1.4934687738117622
BKR,0.78027950310559,0.821431644153833,0.15646453089244852,0.16471651036737503,0.2805128205128205,0.27454260324098273,-0.8907475169890224,0.5871977974705326,0.821431644153833
BLL,#####,0.681653980131596,#####,0.25454780028383434,5.472954230235784,1.1389195148842337,-0.4145534729878721,0.04651012772545478,0.681653980131596
BAC,1.3119236883942766,1.028927680798005,0.12337042925278219,0.09675810473815462,0.16268343815513628,0.23823638384586884,-0.4323823638384587,0.5947630922693267,1.028927680798005
BBWI,#####,0.06065508025895857,#####,0.013955588807220105,0.22771514984877647,#####,#####,0.061285289171528035,0.06065508025895857
BAX,7.494413407821229,0.9417339417339418,0.8044692737430168,0.10108810108810108,0.13919768003866603,1.3384615384615384,1.018181818181818,0.7262197262197262,0.9417339417339418
BDX,#####,#####,#####,#####,#####,#####,#####,#####,#####
WRB,0.2717750306690573,0.3362129348587439,0.09795225063697273,0.1211767452720056,0.44170212765957445,#####,#####,0.2743404155965445,0.3362129348587439
BBY,0.987306753458096,0.6873229862920585,0.26997558991049636,0.1879460745440127,0.755464480874317,#####,#####,0.2487821456893622,0.6873229862920585
BIO,6.151213273039024,7.650703505721923,-0.11213134122204464,-0.13946576184391643,-0.14901564497901798,#####,#####,0.9359135536644746,7.650703505721923
TECH,#####,0.9786571809693198,#####,0.21843041351711873,0.29786266484765805,0.8850496838301717,0.7158988256549232,0.733325922632281,0.9786571809693198
BIIB,#####,#####,#####,#####,#####,#####,#####,#####,#####
BLK,-6.714830081789665,0.4346346966872114,-2.1225323645109646,0.1373863819666658,0.6583201139636988,#####,#####,0.20869236569344982,0.4346346966872114
BK,#####,0.20476848652384244,#####,0.21752668355985563,1.8124440179142673,6.350151580770897,1.0433521004763968,0.12001842893342547,0.20476848652384244
BA,1.1578717543918577,0.4058371988980197,1.0985522824224916,0.3850455626456945,7.955485283386038,4.870018233915082,-0.6876790830945558,0.048400009418634767,0.4058371988980197
BKNG,0.11382316313823163,0.11008069372515958,0.7070983810709838,0.6838492111285077,3.6234843650287174,#####,#####,0.18872696615681078,0.11008069372515958
BWA,0.6467325534489714,2.647265221878225,0.04961678096006454,0.20309597523219813,0.34782608695652173,#####,#####,0.5839009287925696,2.647265221878225
BXP,1.686735121924529,0.7098873937840141,-0.021357310912108556,-0.008988539803649147,-0.09022961935583294,1.4592700729927008,1.2554014598540146,0.09961850518510558,0.7098873937840141
BSX,0.1620713959948588,0.34130795424779536,-0.011733488121398067,-0.024709683052475333,-0.3099671412924425,17.907056798623064,17.270223752151463,0.07971710468872785,0.34130795424779536
BMY,1.2138016019716573,0.4244774833010127,0.10720887245841035,0.03749191984486102,0.11685695097380792,#####,#####,0.3208360267183797,0.4244774833010127
BR,218.45811903012492,0.29856727194217875,147.83394562821454,0.2020450328997743,1.594506456815219,#####,#####,0.12671321087236495,0.29856727194217875
BRO,1.8101339545719277,0.5355850422195416,0.7058823529411765,0.20885748750646219,0.6619333697433096,4.2254901960784315,0.6544117647058824,0.3155264518352576,0.5355850422195416
CHRW,0.91306381817473,0.6819730367178173,0.28965732330123584,0.2163468537984451,2.752871433864394,6.989481065918653,4.235273492286115,0.07858952333808927,0.6819730367178173
CDNS,#####,0.46414006468851077,#####,0.22423006609478274,1.2491186839012927,7.485365853658537,#####,0.17951061735339616,0.46414006468851077
CZR,#####,#####,#####,#####,#####,#####,#####,#####,#####
COF,0.6587414648523849,1.009789156626506,0.23466129586874293,0.35971385542168677,0.4254921172174223,3.13965744400527,3.204216073781291,0.845406626506024,1.009789156626506
CAH,4.200099689029743,0.8348595940002448,1.1100875626776177,0.220653632175061,307.18630983015953,3.18315772269693,#####,0.0007183055530601554,0.8348595940002448
KMX,0.558553338242235,0.6426373099696382,1.0565936717894149,1.2156520577005645,6.8460610150136905,0.2905616941063228,-1.3282964686064933,0.17756956226866663,0.6426373099696382
CCL,0.6205174394895744,0.7024630698086272,0.24811712122771076,0.28088350714698224,2.679145629260802,#####,#####,0.10484070148306208,0.7024630698086272
CARR,52.1303252655788,0.3101521628787212,-8.153652392947103,-0.04851059171701731,-0.5606883307602515,23.703186207240698,22.58314828214277,0.08651970989166222,0.3101521628787212
CTLT,-3.1799610894941632,1.1904588492352512,#####,#####,#####,#####,#####,#####,1.1904588492352512
CAT,#####,#####,#####,#####,#####,#####,#####,#####,#####
CBOE,0.03398576512455516,0.01013639017141644,-0.08659549228944247,-0.02582745139662828,-0.18213572854291418,#####,#####,0.14180332218861116,0.01013639017141644
CBRE,11.430300096805421,0.9103700848111026,0.7696030977734754,0.061295296838858905,0.04530043590985498,0.12964349209319734,-0.25699447927388414,1.3530840400925213,0.9103700848111026
CDW,#####,0.3505177494746068,#####,0.10785993127938921,0.12321127225049476,1.6865439819561205,-31.608047980315767,0.8754063594125098,0.3505177494746068
CE,1.4109947643979057,1.4422281683288738,-0.22917658257972395,-0.23424957431281926,-0.7753623188405797,3.8037589828634606,3.4698728579325593,0.30211627341279496,1.4422281683288738
CNC,#####,0.5946852104805662,#####,0.4008444058114988,4.898330804248862,1.5320113314447592,0.02209631728045326,0.08183285732025332,0.5946852104805662
CNP,#####,0.3894461404273877,#####,0.14592237243785433,0.5458401305057097,2.9688473520249223,0.3579439252336449,0.26733536851286527,0.3894461404273877
CDAY,0.9928773807649929,0.6663937457080978,0.08645521800724068,0.05802651735249063,0.30887108111907774,1.7281133189061577,0.5101318119220932,0.18786646241614283,0.6663937457080978
CERN,0.4431057563587684,0.6355606758832565,0.26497099509147704,0.3800563236047107,0.5192374956278419,17.221311475409838,-13.663934426229508,0.7319508448540707,0.6355606758832565
CF,#####,0.8140970743876257,#####,0.1365680335102828,0.22317052908067372,#####,#####,0.6119447494830956,0.8140970743876257
CRL,#####,0.6802207876542267,#####,0.14270980556934948,0.18303407392891263,0.5297954671088999,-1.3402432283029297,0.779689827724512,0.6802207876542267
SCHW,0.5662077596996246,0.8349944629014396,0.06057571964956195,0.08933185677371724,0.2204007285974499,0.8998330550918197,-0.8380634390651085,0.4053156146179402,0.8349944629014396
CHTR,28.9155672823219,0.8171650137946462,32.13192612137203,0.9080605473119081,7.2574493444576875,#####,#####,0.12512116918947133,0.8171650137946462
CVX,#####,1.7229108356657337,#####,0.5505797680927629,6.954545454545454,0.2507462686567164,-1.2567164179104477,0.07916833266693322,1.7229108356657337
CMG,#####,0.8192537313432836,#####,0.02346268656716418,0.6894736842105263,27.01095890410959,#####,0.03402985074626866,0.8192537313432836
CB,0.2481171915200672,0.4902746321364936,0.2425111539151573,0.4791972134068517,2.8416638992766283,1.0319454003211745,-3.49504091152405,0.16863261469058172,0.4902746321364936
CHD,#####,0.5413732394366197,#####,0.29401408450704225,0.3839080459770115,#####,#####,0.7658450704225352,0.5413732394366197
CI,30.59454461396209,0.589553139363016,9.760769974362207,0.1880888456943854,1.409570400223358,4.844898647834365,-1.5728385837209864,0.13343700014173196,0.589553139363016
CINF,0.289492119089317,0.04923452671710252,0.1555166374781086,0.026449037946029666,0.5685019206145967,#####,#####,0.04652409602668732,0.04923452671710252
CTAS,2.6067864271457086,1.918572927597062,2.971200456230396,2.186778593913956,8.16614420062696,3.143928035982009,0.15442278860569716,0.2677859391395593,1.918572927597062
CSCO,0.45131439221550396,0.8775071633237822,0.05779858266692673,0.11237990898365077,0.24632862288722637,0.8309090909090909,-0.20787878787878789,0.4562194505309287,0.8775071633237822
CSCO,0.25814260885457513,0.6286629292306729,0.14492942447653318,0.3529512501923339,0.42349562908160127,3.7728051431882035,2.739644786105418,0.8334235962665049,0.6286629292306729
C,0.33626487325400933,0.15335614014391885,-1.7547853078116917,-0.800283119027958,-0.4302111738220559,#####,#####,1.8602099799457354,0.15335614014391885
CFG,0.4891768517155058,0.7806062504895434,0.27467726893437394,0.43831753740111223,0.8816763825429337,0.8742016644087478,0.2074704857751113,0.49714106681287695,0.7806062504895434
CTXS,11.713135240211052,1.2092603211009174,-1.242154956956401,-0.12823967889908258,-0.10226805066532535,1.3273600591169408,-1.0177350822094957,1.2539564220183486,1.2092603211009174
CLX,8.60558659217877,21.81869688385269,0.14860335195530727,0.37677053824362605,0.10866013071895425,#####,#####,3.4674220963172804,21.81869688385269
CME,0.17081659554735817,0.3832512374989122,0.13658843832187378,0.3064555164980372,0.7763193106988212,0.6294595121106518,-3.1384532132730145,0.3947544680064372,0.3832512374989122
CMS,#####,0.5813462465288137,#####,0.17634773827829162,1.045015639874881,5.324165915238954,0.5798016230838593,0.16875129093704816,0.5813462465288137
KO,#####,#####,#####,#####,#####,#####,#####,#####,#####
CTSH,0.6260386947913257,0.12918044600002573,0.1803626272547277,0.037217067929432655,1.4113700134195437,#####,#####,0.026369461994775648,0.12918044600002573
CL,0.05515898767034393,0.15809051456912585,0.06640709495998269,0.1903285802851829,0.21275121275121275,#####,#####,0.8946063236205828,0.15809051456912585
CMCSA,0.178417603101057,1.1818269169745494,0.06059283807337252,0.4013631265432447,5.535741164921466,4.544034579301537,-0.48363541103852514,0.0725039546802833,1.1818269169745494
CMA,0.4277526395173454,0.7019801980198019,0.28024132730015083,0.4599009900990099,0.881404174573055,1.5147826086956522,0.38782608695652177,0.5217821782178218,0.7019801980198019
CAG,#####,0.9806226478305631,#####,0.009407455047428539,1.863405182852991,15.970454545454546,9.923863636363636,0.005048528969434941,0.9806226478305631
CAG,#####,0.8842015855039638,#####,0.36947904869762177,9.456521739130435,2.5230524642289347,0.8998410174880763,0.039071347678369193,0.8842015855039638
COP,0.5156036949549654,0.9140989411324095,0.07944921357377427,0.14085322256647714,1.3730501161632924,#####,#####,0.10258418167580266,0.9140989411324095
ED,#####,0.37650920173484936,#####,0.05474153088735201,0.13218228134729693,12.317548746518106,3.381615598885794,0.41413667799789006,0.37650920173484936
STZ,0.2074745186862967,1.087369420702754,0.10731596828992072,0.5624406457739791,1.550392670157068,0.8385197645079899,-0.1968040370058873,0.3627730294396961,1.087369420702754
CEG,3.7840893973659706,1.034928142623249,2.5061859784488494,0.6854284154993633,3.863617719442166,1.336562440053712,0.3556493381929791,0.1774058577405858,1.034928142623249
COO,0.13750228560980068,0.055807050092764376,0.0018284878405558603,0.0007421150278293135,0.01730103806228374,#####,#####,0.04289424860853432,0.055807050092764376
CPRT,1.2042199347961464,1.1391247097959043,0.33803436023297556,0.31976159950102223,0.29136145491285675,0.36712892309733924,-0.20403423794041536,1.0974739249454244,1.1391247097959043
GLW,0.08709951198811797,0.37139238215868997,0.05656694249946955,0.24120148376006514,1.9748148148148148,1.4111650485436893,0.6674757281553398,0.12213878584999548,0.37139238215868997
CTVA,-6.459537572254336,1.4691060473269062,-1.5761078998073217,0.3584574934268186,1.5106186518928901,1.1237721021611002,-0.20039292730844793,0.23729184925503943,1.4691060473269062
COST,0.623363688104724,0.5159884576880043,0.3515580535002846,0.2910017077910606,0.7439777175549533,0.5990108803165183,-0.7867457962413452,0.39114304222366175,0.5159884576880043
COST,1.8263754045307443,0.8542344660561568,0.5838187702265372,0.27306440626655565,0.7448389760528489,0.7069922308546059,-1.793007769145394,0.36660864300310303,0.8542344660561568
CTRA,#####,0.3694326071144342,#####,0.2598481570600119,0.9099037888586917,3.5940535213174942,0.7581384151250009,0.28557761847100777,0.3694326071144342
CCI,0.15157598875727765,0.4411335086181712,0.03794418791407348,0.11042944785276074,0.4188365650969529,1.945897204688909,0.40216411181244366,0.26365761028337714,0.4411335086181712
CSX,#####,0.5220496463735959,#####,0.07225072805436139,0.25114485418173055,0.9716361120719474,-1.3708059494984435,0.2876854805158785,0.5220496463735959
CMI,#####,0.9019957234497505,#####,0.04522055911934743,0.0316457450051265,1.00120225654305,0.8618329788217886,1.4289617486338797,0.9019957234497505
CVS,#####,#####,#####,#####,#####,#####,#####,#####,#####
DHI,0.20918593177603567,0.8220738294671225,0.16002569107849327,0.6288804010915345,7.18812978885905,0.7247691099055408,-0.9656061908856406,0.08748873762216178,0.8220738294671225
DHR,#####,0.5715948777648429,#####,0.3390570430733411,4.236363636363636,8.978571428571428,7.410714285714286,0.080034924330617,0.5715948777648429
DRI,#####,0.6190978633605909,#####,0.38987074650487996,2.522184300341297,2.490625,1.5947916666666666,0.15457662885782117,0.6190978633605909
DRI,0.8948117479622202,0.7032743542810657,0.11515073101306766,0.09050233882448648,0.30047265361242403,0.7676457693993862,0.6045594037702762,0.30119991864958306,0.7032743542810657
DVA,2.2558526651319286,1.0190061754071609,0.865981937311847,0.3911784468691006,0.5979701638542431,1.4990422421615082,-1.053735255570118,0.654177198988897,1.0190061754071609
DE,0.025976260106657493,0.007837031270273777,1.1227421297092723,0.3387310237446477,0.31955835189854825,#####,#####,1.059997404956533,0.007837031270273777
DE,#####,0.45366094719616323,#####,0.23104716537857062,0.6905569007263922,#####,#####,0.33458092321651356,0.45366094719616323
DAL,#####,1.6277465044488832,#####,-0.018975848919556927,-0.05358974358974359,3.0605453087409784,2.8608660785886126,0.3540947884510623,1.6277465044488832
XRAY,14.100999871346149,0.739565523553461,7.9382527487390275,0.4163433872622551,5.081229346368656,8.197731210273089,1.3996803654246073,0.0819375310346498,0.739565523553461
DVN,0.0007348784624081402,0.0008625837701546015,0.10910118711136235,0.12806051356910622,0.2635531885839137,#####,#####,0.4859000729878575,0.0008625837701546015
DXCM,#####,#####,#####,#####,#####,#####,#####,#####,#####
FANG,74.35424354243543,1.0652920962199313,-15.236162361623617,-0.2182923605604018,-0.7642050712567092,4.873927958833619,4.284305317324185,0.28564631245043615,1.0652920962199313
DLR,0.3157851171260657,0.3229082906597825,0.07284165218111084,0.07448474332388168,0.2958480416876786,5.180289584306399,2.843998131714152,0.25176689661009777,0.3229082906597825
DFS,#####,0.42984014209591476,#####,0.08999407933688573,3.3777777777777778,1.8849104859335037,0.9923273657289002,0.02664298401420959,0.42984014209591476
DISCA,4.001,0.1319155951203429,2.841,0.09366963402571711,0.9342321604735284,4.88929889298893,2.154059040590406,0.10026376524892845,0.1319155951203429
DISCK,#####,1.6223241590214068,#####,-3.264525993883792,-0.833984375,0.2698412698412698,-2.068783068783069,3.914373088685015,1.6223241590214068
DISH,#####,3.7472633191731957,#####,1.0878212259538298,1.2392187725501516,#####,#####,0.8778282334403592,3.7472633191731957
DIS,5.738669438669438,4.681913269633064,-0.1733887733887734,-0.14145982925312375,-0.8011527377521613,#####,#####,0.17657036241307175,4.681913269633064
D,0.32619982271748765,0.5461098155607378,0.21919716347980245,0.3669705321178715,2.137037037037037,4.5858310626703,-2.1525885558583107,0.17171931312274752,0.5461098155607378
DPZ,0.32619982271748765,0.5461098155607378,0.21919716347980245,0.3669705321178715,2.137037037037037,4.5858310626703,-2.1525885558583107,0.17171931312274752,0.5461098155607378
DOV,#####,1.4068652530050572,#####,0.6381097188464903,4.780393923038773,6.956899099031338,5.528278166687262,0.13348475651162667,1.4068652530050572
DOW,34.08710033076075,0.7480522622792161,3.9525909592061743,0.086740866198887,0.4375152550646815,#####,#####,0.19825792402613113,0.7480522622792161
DTE,#####,0.7122413328335138,#####,0.3709469071557036,0.3688010150735172,0.8703074301852415,0.859669438888304,1.0058185633837224,0.7122413328335138
DUK,#####,0.6926335037210674,#####,0.371211771269233,0.3423643751075786,0.9050728736264796,#####,1.0842593396365783,0.6926335037210674
DRE,#####,0.87199442443954,#####,0.3474851899175282,0.3995859213250518,1.3128132246241304,#####,0.8696131954930886,0.87199442443954
DD,#####,#####,#####,#####,#####,#####,#####,#####,#####
DXC,#####,1.5573154800783802,#####,0.346995427824951,1.4554794520547945,0.8469259723964868,-2.005018820577164,0.23840627041149576,1.5573154800783802
EMN,#####,0.49602366064831643,#####,0.3851661455125557,0.6343412703488166,2.4097341004509407,#####,0.6071907402473711,0.49602366064831643
ETN,#####,#####,#####,#####,#####,#####,#####,#####,#####
EBAY,-0.3440501725491141,0.7550643073895004,-0.08978185664213988,0.1970383415284101,0.40533670772222136,0.711199358308459,-0.540825651882339,0.48611028257386735,0.7550643073895004
ECL,15.6576,0.575748661528505,1.1904,0.043772430428899216,0.09776609724047307,0.7400635930047694,-0.6273847376788553,0.4477260693063482,0.575748661528505
EIX,#####,1.1998856162424936,#####,-0.06834429511009436,-2.6555555555555554,0.5648780487804878,-1.1385365853658536,0.02573634543894767,1.1998856162424936
EW,#####,1.8068637003356067,#####,0.36559489011583846,2.2664429530201344,0.14220183486238533,-1.0579649708090075,0.1613077839125257,1.8068637003356067
EA,#####,6.913223970539002,#####,4.626749246735855,1.377739009071877,#####,#####,3.3582189487780383,6.913223970539002
EMR,#####,0.6682796596028701,#####,0.03746037043217087,0.1025348253025805,1.4198328267477203,0.04635258358662614,0.36534290005005843,0.6682796596028701
ENPH,54.05844155844156,0.7774561075831155,-2.207792207792208,-0.03175196115054165,-0.07021891780256093,3.6195795006570304,0.8134034165571616,0.4521852820321255,0.7774561075831155
ETR,0.47424242424242424,0.5326148610323312,0.0936868686868687,0.105218377765173,0.23889246619446233,0.9178617992177314,-0.2607561929595828,0.44044242768009073,0.5326148610323312
EOG,#####,0.6683306952392548,#####,0.12029708997930111,0.3434132777198471,0.18024691358024691,-1.4537037037037037,0.35029830756118346,0.6683306952392548
EPAM,0.13426429348137126,0.6345685691100893,0.0549419103760087,0.2596700027048959,4.60431654676259,3.2983606557377048,0.5278688524590164,0.05639707871246957,0.6345685691100893
EFX,0.48610671847467585,0.6247725601022028,0.03225952198075272,0.04146180945375711,0.08654195790069089,1.2586191045324997,-0.9295761698997885,0.4790948859897023,0.6247725601022028
EQIX,#####,1.2299833194328607,#####,0.6265638031693077,-166.94444444444446,0.31623415811707906,-0.6934218467109233,-0.0037531276063386154,1.2299833194328607
EQR,0.45897503285151114,0.3245734676430138,0.3609986859395532,0.2552875144035981,1.338530500877022,5.889830508474576,5.950456323337679,0.19072222428725422,0.3245734676430138
ESS,#####,0.38385650224215245,#####,0.1750373692077728,4.065972222222222,78.68627450980392,68.74509803921569,0.04304932735426009,0.38385650224215245
EL,0.3755411934492062,0.7596141642340398,0.10152475371776369,0.20535600964589415,0.48764315852923446,1.7180925666199158,-0.043478260869565216,0.42111943139992386,0.7596141642340398
ETSY,#####,0.29519638774909174,#####,0.06390245126459157,0.6271726873274488,25.16072094468614,21.452247772943856,0.1018897228080787,0.29519638774909174
RE,1.2046381683845908,1.7242480679425631,0.2124631250860505,0.30410719380568796,0.8085226152650322,0.6197799722397977,-0.16030158577670595,0.37612701001072457,1.7242480679425631
EVRG,197.143210102489,0.468609478723911,60.95387994143485,0.1448873937413633,1.5233242618976834,1.8861732203321038,1.1498486534922094,0.09511264106098437,0.468609478723911
ES,2065.423728813559,0.22872537438936494,1150.7118644067796,0.12743002722831745,0.4854745673833246,130.82201158504475,#####,0.26248548490430046,0.22872537438936494
EXC,0.6493903634296467,0.7869257446909592,0.05104481122829027,0.061855670103092786,0.15955882352941175,9.018741633199465,5.052878179384203,0.38766687253551235,0.7869257446909592
EXPE,30.350364446403553,0.6446250110968689,5.752247288298358,0.12217456164651286,0.9884127009889848,#####,#####,0.12360683095661111,0.6446250110968689
EXPD,#####,5.335723737567764,#####,-0.28762752379732787,-0.46355998520900876,#####,#####,0.6204753062705425,5.335723737567764
EXR,#####,1.4293783948831678,#####,1.1666666666666667,3.624911058682545,#####,#####,0.321846977147816,1.4293783948831678
XOM,0.5013552758954501,0.5824336482231219,0.16098741529525654,0.18702204228520017,5.488448844884489,0.6584536958368734,-0.35598980458793544,0.03407557354925776,0.5824336482231219
FFIV,#####,0.23408758849066635,#####,0.2657177425094299,2.84928309137106,42.40355488797096,41.36919514332207,0.09325775431516282,0.23408758849066635
FDS,5.156501403025588,6.852673141784986,-0.28597013062880505,-0.3800367110077623,-0.31576924155607883,#####,#####,1.2035266928944057,6.852673141784986
FAST,#####,1.1651586237712244,#####,0.487153708668454,2.79104,0.5294471153846154,-1.5282451923076923,0.1745420017873101,1.1651586237712244
FRT,11.690272920584151,1.3827388477571212,6.024680596805089,0.7126061096368898,7.17153663353081,0.06816281776056261,-0.9782152054547059,0.09936588851893625,1.3827388477571212
FDX,89.95934959349593,0.8828692252453523,47.552845528455286,0.4666879438282933,3.9708078750848608,0.6987200525106663,-0.7131604857236626,0.11752972153514721,0.8828692252453523
FITB,0.7804104292653911,0.8801431127012522,-0.048577376821651634,-0.054785330948121644,-0.5098855359001041,9.754826254826256,7.613899613899614,0.10744633273703041,0.8801431127012522
FRC,#####,0.45064621234305635,#####,0.10845577623675291,0.13652386379851283,1.5615083118267765,-0.3702112911738678,0.7944089276349233,0.45064621234305635
FE,#####,6.832934375941983,#####,4.223735305069418,2.6752695417789756,#####,#####,1.578807383371456,6.832934375941983
FIS,0.2532546786004882,1.0802399275690358,0.1439355078359925,0.6139467330617172,581.2321428571429,#####,#####,0.0010562848951259998,1.0802399275690358
FISV,#####,0.7585506240415412,#####,0.2865391243363592,1.257011906016226,13.132581955910203,7.52714703340749,0.22795259373832888,0.7585506240415412
FLT,0.4078132601149397,0.34908226512466317,0.477309718752319,0.40857023075001164,3.5410203082945926,#####,#####,0.11538206369304475,0.34908226512466317
FMC,#####,0.24222077274296896,#####,0.25768330583585924,0.5630921438752411,1.0381246780010305,-3.503348789283874,0.4576219161263093,0.24222077274296896
F,#####,0.3523523043470719,#####,0.10573966954376306,1.4274360175211438,#####,#####,0.07407664388866157,0.3523523043470719
FTNT,1.129011132940406,0.6313861930049441,1.8876882776686312,1.0556674601721296,274.5238095238095,1.4931171612113796,-1.5971245029060874,0.003845449551364219,0.6313861930049441
FTV,0.3455921168396973,0.06087468617301553,-0.02357909554812599,-0.0041533645352261105,-0.08343711083437111,#####,#####,0.04977838390726219,0.06087468617301553
FBHS,#####,0.0016133351832910102,#####,0.2965248760151912,#####,#####,#####,#####,0.0016133351832910102
FOXA,#####,1.2809667673716012,#####,1.2311178247734138,31.753246753246753,0.13151927437641722,#####,0.03877139979859013,1.2809667673716012
FOX,128.90425531914894,1.408953488372093,9.74468085106383,0.10651162790697674,0.26096866096866095,#####,#####,0.40813953488372096,1.408953488372093
BEN,3.7841499209753895,0.9587003775311749,0.2503951230526078,0.06343667772566068,0.5034044484793464,2.1725,-4.1075,0.12601533005376958,0.9587003775311749
FCX,1.147426098400486,1.047025333502306,0.10562329165823041,0.09638116330823664,1.7455025486864462,0.6985194786477826,-1.661542475027433,0.05521685624622373,1.047025333502306
AJG,1.281966743119266,0.6256471246676928,0.24976108562691132,0.12189263560468262,0.8262725260828327,0.40691047257183566,-2.374376632628829,0.14752110442609953,0.6256471246676928
GRMN,57.95128044971892,0.747556622700647,0.011242973141786383,0.0001450314637703346,0.0009300883583940474,#####,#####,0.1559329954637381,0.747556622700647
IT,#####,0.729795807488568,#####,0.21845429438131028,1.1447212336892052,8.548507462686567,3.896455223880597,0.19083623851134152,0.729795807488568
GE,#####,0.8849372384937239,#####,0.17930100910657149,0.457636435021594,1.4502046384720328,-0.0903137789904502,0.3917979325621462,0.8849372384937239
GNRC,0.4258704688687257,0.48679303121647166,0.21584052205783757,0.246717416849742,0.540822040542054,0.8588057771071351,-0.5589566716964863,0.45618964900628417,0.48679303121647166
GD,#####,0.25460860272508684,#####,0.2639593908629442,4.470588235294118,#####,#####,0.059043547956184876,0.25460860272508684
GIS,#####,0.25460860272508684,#####,0.2639593908629442,4.470588235294118,#####,#####,0.059043547956184876,0.25460860272508684
GIS,#####,0.1632609790358061,#####,0.04602316397657099,0.4130589914367269,#####,#####,0.11142031751080014,0.1632609790358061
GPC,0.7772131585985558,0.40614954577218726,0.11794597485958813,0.061635220125786164,0.1687715269804822,#####,#####,0.3651991614255765,0.40614954577218726
GILD,#####,0.9166945466711275,#####,0.05178246161852719,0.5704340704340705,#####,#####,0.09077729452436713,0.9166945466711275
GL,3.5669363488707058,0.35720386356780043,1.5795715730440378,0.15818310546860015,1.0595679335927624,7.012483438224578,4.3010050927459424,0.149290196931721,0.35720386356780043
GPN,0.8675235122355183,1.4369304854896345,0.03586049367068282,0.05939785591208617,0.12369563193576175,#####,#####,0.480193641299581,1.4369304854896345
GM,0.525485908649174,1.1456948380432768,-0.029603984450923226,-0.06454432290701062,-0.12072125625402487,3.0760264310639247,1.8850694186650827,0.5346558254098578,1.1456948380432768
GS,1.4686118612615602,0.37523533157660205,0.630577976253338,0.16111482022286536,0.47730449479261833,1.72321471230818,0.32053737800190246,0.3375514414396356,0.37523533157660205
GWW,0.9324498848896625,0.7857109060799622,0.47689370542983883,0.40184528034066713,13.291079812206572,0.9651699538396978,-3.747377255560218,0.030234208658623137,0.7857109060799622
HAL,1.1644878989010305,1.4628121765957862,0.2748356209099529,0.34524437154628707,0.5241144212242478,0.5166117560119469,0.019305970379037474,0.6587194657606467,1.4628121765957862
HIG,#####,0.8186067064874876,#####,0.1769892946799266,0.3145349004421813,0.262683806889716,-0.22418986651912895,0.5627016093638909,0.8186067064874876
HAS,#####,0.42868157286044717,#####,0.16243963803108388,3.51140350877193,12.680451127819548,6.571428571428571,0.04626060138781804,0.42868157286044717
HCA,0.9577565423425666,1.2871289582178225,0.2501129380960942,0.3361267620903169,0.22517022824019844,#####,#####,1.4927673374819184,1.2871289582178225
PEAK,#####,0.971963125850169,#####,0.006084101429881041,0.016923019883941095,#####,#####,0.3595162962406302,0.971963125850169
HSIC,#####,0.8903619552670378,#####,0.19127512943300914,398.4761904761905,1.8627425102283226,1.3383925036294049,0.0004800164577071214,0.8903619552670378
HSY,1.5225416036308623,0.8582017592768729,0.009403002443849645,0.005300133159286056,0.06731089636787738,#####,#####,0.07874108718325473,0.8582017592768729
HES,0.18004929303411596,0.2822285481903213,0.1317940070047996,0.2065880439202928,0.3860182370820669,#####,#####,0.5351769011793412,0.2822285481903213
HPE,0.6439131802453602,0.4499395537971206,0.08052846807172066,0.05626991977140345,0.19076005961251863,1.060304449648712,-0.8981264637002342,0.29497747005165403,0.4499395537971206
HLT,40.93146160198183,10.512831389183457,-1.8150289017341041,-0.46617179215270416,-0.302504816955684,#####,#####,1.5410392364793213,10.512831389183457
HOLX,0.5566292134831461,0.622029695200427,0.034384831460674156,0.038424835985811596,0.17784603046381478,3.096658711217184,0.3779236276849642,0.21605675361772922,0.622029695200427
HD,#####,0.9162568598104198,#####,0.37395766516998075,0.9705882352941176,1.6092990978487163,-0.5208188757807078,0.3852897156296771,0.9162568598104198
HON,#####,1.2035290721615635,#####,0.09544200274434748,0.13450400635464144,#####,#####,0.7095848319394985,1.2035290721615635
HRL,#####,0.6767678456508641,#####,0.13324686158595286,0.26846063563093264,0.4028943189873693,-1.0954259909083117,0.49633668367355915,0.6767678456508641
HRL,2.842513116420424,0.7629558131331503,1.0171668531884965,0.27301663414795463,0.8663882017147349,2.198563510061467,1.1790254357201881,0.31512044324658,0.7629558131331503
HST,#####,0.5020866773675763,#####,0.24173354735152489,8.460674157303371,5.361563517915309,#####,0.02857142857142857,0.5020866773675763
HST,#####,1.0106159098349157,#####,0.25889725482860215,4.325,1.4105982336277287,0.30194967505415765,0.059860636954590096,1.0106159098349157
HWM,0.5173883778326228,0.5038234651518462,0.05407224590531748,0.05265457723399607,1.1813725490196079,#####,#####,0.044570679484378414,0.5038234651518462
HPQ,0.9095640419060493,0.6786867056687512,0.3150388644812437,0.23507161589671172,1.3063340807174888,5.846032992930087,0.1272584446190102,0.17994754892071818,0.6786867056687512
HUM,0.354870578936969,0.8559592330534883,0.14629215874029153,0.35286138504967557,0.5165012074054199,0.8647573587907716,#####,0.6831763023792939,0.8559592330534883
HII,#####,#####,#####,#####,#####,#####,#####,#####,#####
HBAN,0.6751411329569788,0.612301825500512,0.08569203815456491,0.07771618233819427,0.34044856921887084,2.5676481550503167,1.3158777487886695,0.22827583771759472,0.612301825500512
IEX,#####,0.41851776686666037,#####,0.12388680305498254,0.19682352716430818,3.217219343856679,2.008808728733943,0.6294308655060423,0.41851776686666037
IDXX,#####,#####,#####,#####,#####,#####,#####,#####,#####
INFO,#####,#####,#####,-0.1267427122940431,-0.7604562737642585,#####,#####,0.16666666666666666,#####
ITW,#####,#####,#####,#####,#####,#####,#####,#####,#####
ILMN,#####,0.44786601836844947,#####,-0.017828200972447326,-0.05583756345177665,2.026898734177215,1.1930379746835442,0.3192868719611021,0.44786601836844947
INCY,#####,1.2346933741181114,#####,0.11806206522275396,0.20107553987059912,0.327752871952928,-0.18338470159708603,0.5871527949084809,1.2346933741181114
IR,1.9477982954545454,0.5904621788431176,1.9463778409090908,0.5900315774364863,6.228409090909091,#####,#####,0.09473230945887756,0.5904621788431176
INTC,1.0272108843537415,0.7718145308506754,0.8736637512147716,0.6564439576487769,7.851528384279476,1.4439359267734553,0.07551487414187644,0.08360715589631253,0.7718145308506754
ICE,2.4745762711864407,0.048424543946932005,-1.3220338983050848,-0.025870646766169153,-0.07784431137724551,#####,#####,0.33233830845771145,0.048424543946932005
IBM,0.3663940443061551,0.2872120236178207,0.2143728407505606,0.16804437287529075,0.7192547687387616,5.4314220634146695,3.4646867472509877,0.23363678654499911,0.2872120236178207
IP,0.19389308377318645,0.6934013329707598,0.1360598726279137,0.48657793876954175,1.468894482090997,1.424745950773311,-3.1229584725924524,0.33125452147991563,0.6934013329707598
IPG,0.613025770902495,1.3753071253071254,0.0511653376227797,0.11478808353808354,0.17044806749515448,10.136585365853659,-32.6,0.6734490171990172,1.3753071253071254
IFF,0.10381819106207738,0.36405776430736314,0.04672327012049418,0.16384382242824033,0.5765370138017566,4.507462686567164,-0.8557213930348259,0.28418612943483684,0.36405776430736314
INTU,0.3290056063735615,0.2658559847401049,0.12629094128061374,0.10205054840247973,2.0878048780487806,13.11111111111111,10.25925925925926,0.04887935145445875,0.2658559847401049
ISRG,#####,0.26786017688466396,#####,0.31510931953552734,19.622317467929506,14.594044594044593,#####,0.016058720895252992,0.26786017688466396
IVZ,41.29050279329609,0.4443308885415414,8.620111731843576,0.09276181315378142,0.43052455357142855,1.7170446232626189,0.3678127286027798,0.2154623061199952,0.4443308885415414
IPGP,#####,0.5064428925433656,#####,0.2366974543816175,0.9840779245106304,1.731615460852329,0.2566897918731417,0.24052714575354808,0.5064428925433656
IQV,19.04811881188119,0.9872530404885308,0.2487128712871287,0.012890645045414892,2.0063897763578273,#####,#####,0.00642479601785806,0.9872530404885308
IRM,0.22694909850873154,0.9621805621605386,0.051361977967482556,0.21775586313918854,0.9232728430436167,2.5515999152362787,-1.569400296673024,0.23585212624834181,0.9621805621605386
JBHT,3.144582861457154,1.262312471586604,0.36768591921479804,0.14759812092741326,0.2579449152542373,0.3839528558476881,-1.0031731640979147,0.5722079102894378,1.262312471586604
JKHY,#####,1.0244918977197754,#####,-0.20246850007241363,-0.3831419957976796,0.25077978789769184,-0.8144220327626441,0.5284424633506589,1.0244918977197754
J,1.3214171958868288,0.44618558480507603,0.4738404671555809,0.15999548560455557,0.4829552855548275,0.9045779272087232,-0.8420349007234808,0.3312842625187339,0.44618558480507603
JNJ,0.29583368262218124,0.44223057644110275,0.1252410093050549,0.18721804511278195,4.6397515527950315,21.121311475409836,20.462295081967213,0.04035087719298246,0.44223057644110275
JCI,#####,0.15677233429394813,#####,0.08525173758264112,0.7849227407523022,18.692378328741967,14.02020202020202,0.10861162908967621,0.15677233429394813
JPM,3.191648338404989,10.731840745618479,0.21906540929770119,0.7366021679667714,1.1051831585347318,#####,#####,0.6664978219025428,10.731840745618479
JNPR,0.664328480065315,0.10011966003016622,0.4641753980133351,0.06995497624743274,0.8530088395994049,17.696197439719835,11.393790965665744,0.08200967328812843,0.10011966003016622
K,0.6336356141797197,0.9132604562737643,0.0740313272877164,0.10670152091254753,0.2087401208740121,#####,#####,0.5111692015209125,0.9132604562737643
KEY,#####,1.2560898674114156,#####,0.12164819463542488,0.30716490091519205,3.0582984131693127,0.34143323815270926,0.39603546587834865,1.2560898674114156
KEYS,#####,0.6283963780599043,#####,0.8261950401923484,1.489240467185788,0.534848894973292,-1.3163770624925757,0.5547761146684431,0.6283963780599043
KMB,0.4187664438469864,0.7395669712046462,0.13165825063278927,0.2325164661239484,0.6105009123550532,21.593623481781375,-10.997064777327935,0.3808617831986501,0.7395669712046462
KIM,#####,0.5915633182584609,#####,0.13637978878700938,0.20518312244489886,0.9767313748065237,-2.028979512477793,0.6646735226657526,0.5915633182584609
KMI,0.954943257070143,0.8012725529504053,0.30532111044745114,0.2561884424300532,0.923348778763842,1.6517368810051738,-0.5130820399113082,0.2774557657107993,0.8012725529504053
KLAC,9.20822162645219,0.9249551166965889,1.6371760500446828,0.1644524236983842,0.32761087267525035,0.766110565914295,-1.0,0.5019748653500897,0.9249551166965889
KHC,0.6284908928308637,0.11084380165949256,-0.02774601808981514,-0.004893426716392879,-0.08940361116177276,#####,#####,0.05473410584655683,0.11084380165949256
KR,#####,0.5318872451019592,#####,0.2064507530321205,0.8208797032326444,6.135714285714286,2.9647058823529413,0.251499400239904,0.5318872451019592
KR,1.2694558855408629,1.3036509349955476,0.25948406676783003,0.2664737310774711,0.5277777777777778,0.4375261178437108,-0.2695361470956958,0.5048975957257347,1.3036509349955476
LHX,0.4010111223458038,0.11595135071921413,0.0448938321536906,0.012980937901999766,0.14849498327759197,#####,#####,0.08741667641211555,0.11595135071921413
LH,1.824953445065177,0.2989627821842587,0.5307262569832403,0.08694325808419769,0.3925619834710744,8.792746113989637,5.844559585492228,0.2214765100671141,0.2989627821842587
LRCX,1.4288228822882287,1.0999322493224932,0.39097909790979096,0.30098238482384826,0.6294721927027984,0.47757255936675463,-0.18997361477572558,0.47815040650406504,1.0999322493224932
LW,#####,0.026605581916534036,#####,0.707606340517733,1.4835084874377604,#####,#####,0.4769816597004269,0.026605581916534036
LW,#####,2.089156626506024,#####,0.7887550200803213,3.295302013422819,0.7535816618911175,-0.7836676217765043,0.2393574297188755,2.089156626506024
LVS,#####,0.35985388093052995,#####,0.1774195016666508,1.3483341485075875,4.670837747843197,0.47145451793552295,0.13158422328992314,0.35985388093052995
LDOS,24.393939393939394,0.9172743846855059,7.430303030303031,0.27939835916134914,0.22526412494258152,0.7247422680412371,0.197680412371134,1.2403144940747493,0.9172743846855059
LDOS,-0.8449576686056557,1.2050102669404517,-0.5720209641191039,0.8157700205338809,0.31587316731864007,#####,#####,2.58258726899384,1.2050102669404517
LEN,#####,#####,#####,#####,#####,#####,#####,#####,#####
LLY,#####,0.6622870343632689,#####,-0.020502454519203003,-0.03140203449800973,1.7797074954296161,0.7303473491773309,0.652902107998845,0.6622870343632689
LNC,#####,0.889019102308684,#####,0.2228114379467948,0.3786784842901957,1.0428758659427073,-2.0670286463209138,0.5883921246923708,0.889019102308684
LIN,0.24420610863923234,0.2913743771038652,0.09886818334890747,0.11796451570847655,0.723999739880062,8.297231370708674,4.757148620749612,0.16293447250135554,0.2913743771038652
LYV,15.027859237536656,0.44510553287587945,1.6290322580645162,0.04824980456874837,0.13591876682162957,5.5810147299509,4.18126022913257,0.3549900112915834,0.44510553287587945
LKQ,0.5300156215130551,0.6296394485683987,-0.10109350591385852,-0.12009544008483564,-0.822141560798548,47.125,38.265625,0.1460763520678685,0.6296394485683987
LMT,#####,1.1235255570117955,#####,0.12549148099606816,0.15132358751481628,#####,#####,0.8292922673656619,1.1235255570117955
L,#####,#####,#####,#####,#####,#####,#####,#####,#####
LOW,1.0987101461642939,0.4910859070245113,0.8472297212693891,0.3786827468374781,0.25143057038439426,#####,#####,1.5061125870992418,0.4910859070245113
LUMN,215.2333931777379,0.8221493769673363,51.43087971274686,0.19645588023508595,1.0872964663908604,1.89632777421424,-2.73452533675433,0.18068290140516668,0.8221493769673363
LYB,#####,1.182566483748417,#####,-0.1642043056141832,-0.18114086146682187,#####,#####,0.9065006331785563,1.182566483748417
MTB,3.1213813068651777,1.250310610453077,0.3709677419354839,0.14859604075209146,0.39144665066550294,1.7546164772727273,0.33629261363636365,0.3796073883873105,1.250310610453077
MRO,508.7102694828842,0.7877606980429911,-82.53109978150036,-0.12780311441367104,-0.8843409149086278,26.361328782270082,21.404996554652822,0.14451792545058936,0.7877606980429911
MPC,4.433114531204882,0.4747457555722913,2.29868195780537,0.24616767629102992,0.6258850419019402,0.6294886938690302,-0.8580213147720936,0.3933113268580047,0.4747457555722913
MKTX,#####,0.7607562595809914,#####,0.11308124680633623,0.15799243235525096,1.9649002064693737,0.013764624913971095,0.7157383750638733,0.7607562595809914
MAR,0.09572301425661914,0.007244143033292232,-2.680244399185336,-0.20283600493218248,-0.36293436293436293,#####,#####,0.5588779284833539,0.007244143033292232
MMC,#####,0.7710069632355594,#####,0.3356784644802829,0.39854358535018203,0.9012852276246516,#####,0.8422628711621026,0.7710069632355594
MLM,#####,0.8357657575481164,#####,0.2970446045790386,0.3682990273693734,0.5493035697813855,#####,0.8065310590166925,0.8357657575481164
MAS,#####,1.53808151502676,#####,0.18587896253602307,0.2105385870832362,1.2175414364640884,-0.3370165745856354,0.8828736105393166,1.53808151502676
MA,8.093065693430656,0.42330819891190224,1.1897810218978102,0.06223155483439916,0.13322435635472007,1.4256983240223464,-0.02011173184357542,0.4671184499379593,0.42330819891190224
MTCH,0.010156690912890324,0.03860158028955983,-0.0003352030386563291,-0.0012739746755092024,-0.0015246784129917441,#####,#####,0.8355694319888693,0.03860158028955983
MKC,0.26058233423048693,0.7580071174377224,0.046733545387815024,0.13594306049822064,2.3580246913580245,0.75,-0.14080459770114942,0.05765124555160142,0.7580071174377224
MCD,0.7593900587497524,0.7856313596940517,0.02006733117697538,0.020760773065628627,0.020896343139950507,0.17855973813420623,-0.5351882160392799,0.9935122584169911,0.7856313596940517
MCK,0.3133304185187884,0.11906250793203944,0.7881597804173043,0.2994930417265656,2.3596647516544254,#####,#####,0.12692186104682154,0.11906250793203944
MDT,0.4219601351817367,1.487478725990761,0.08869577212221533,0.31266715292973496,7.224719101123595,4.113513513513514,1.1927927927927928,0.043277413080476536,1.487478725990761
MDT,1.6344086021505377,0.7321230085216747,0.4466501240694789,0.20007410151908114,0.6639344262295082,#####,#####,0.30134617759664073,0.7321230085216747
MRK,#####,0.37508663600277237,#####,0.23974544767185432,0.3956123934289873,0.3554766734279919,-3.1455375253549698,0.6060109633923508,0.37508663600277237
FB,#####,0.6679069767441861,#####,0.19472868217054262,0.44070175438596493,1.288757396449704,-0.2591715976331361,0.4418604651162791,0.6679069767441861
MET,0.29529222711581954,0.5119962850214127,0.051452208070467804,0.08921108301945203,1.076587795765878,30.181571815718158,24.363143631436316,0.08286466126618854,0.5119962850214127
MTD,#####,1.0161461699885777,#####,0.5471900262978475,0.8018997073879672,10.811439083535413,-4.779078518270758,0.6823671604522875,1.0161461699885777
MGM,#####,0.9793278455158755,#####,0.3586680695673702,0.7053310613437196,0.21581894540363974,-0.3608259449370042,0.5085102432382249,0.9793278455158755
MCHP,0.10796671941258333,1.0963324961418586,0.033128607656799904,0.3363996731927255,1.4455497041804823,6.046991084695394,0.7486998514115899,0.2327140133748903,1.0963324961418586
MU,2.9885413440693713,0.9978801509746135,0.20904304738309074,0.06979990693345742,0.050724229273516316,0.07868348941551989,-0.45635219368243546,1.376066387467039,0.9978801509746135
MU,#####,0.5339263127830592,#####,0.03974050348851442,0.1816486385676986,3.7784883720930234,0.9436046511627907,0.2187767758782488,0.5339263127830592
MSFT,0.39011433597185574,0.7558191050676482,0.09379067722075637,0.1817128446307467,0.9624548736462094,3.2201276102088165,1.0226218097447797,0.18880141771461678,0.7558191050676482
MAA,#####,0.16597680904153825,#####,0.21802436518420668,3.8793418647166362,22.875,14.741304347826087,0.05620137971525026,0.16597680904153825
MRNA,0.09341326453179542,0.0415401228318823,-0.6079071179238125,-0.270331376122022,-0.36232473993668024,#####,#####,0.7461024498886414,0.0415401228318823
MHK,0.14896877083791688,0.710065992596544,0.08435209948702427,0.4020678757900522,1.3596375848556386,0.8163963027818937,-2.3293756935491112,0.295716947125099,0.710065992596544
TAP,#####,0.4042099790794454,#####,-0.10353524096309895,-0.8321419740314792,39.496724605482406,29.657700852746103,0.12442016409952458,0.4042099790794454
MDLZ,5.322766570605188,1.2111475409836066,1.6432688349114861,0.37391100702576113,1.5610089949159172,1.7915679772619613,-2.4448128848886785,0.23953161592505856,1.2111475409836066
MPWR,1.7906774753908512,0.34555003072797363,0.5104226983207875,0.09849712274428739,0.4492864424057085,3.3674134419551933,1.89979633401222,0.2192301245879658,0.34555003072797363
MNST,#####,#####,#####,#####,#####,#####,#####,#####,#####
MCO,#####,0.3974933347992194,#####,0.14124178874749196,1.274440751946828,1.0834796488427774,-1.471268954509178,0.11082648489679246,0.3974933347992194
MS,#####,28.667056490567955,#####,13.997000050846596,1.9984391674591824,#####,#####,7.003966034473992,28.667056490567955
MOS,#####,0.05779828257430784,#####,0.010589814441364673,0.8062557848314913,93.638730934793,91.46686506882075,0.013134559330421377,0.05779828257430784
MSI,8.681879729930257,0.39448604908809487,1.7156059875352425,0.07795346732130945,0.17428148404970198,0.872766507701208,-1.004056754336255,0.44728484925615225,0.39448604908809487
MSCI,8.073186253712347,1.4967160891965234,2.2206194314806957,0.411688362763991,0.5278870398386284,#####,#####,0.7798796554843277,1.4967160891965234
NDAQ,0.6723236994219653,1.8185115697310819,0.10779190751445086,0.2915572232645403,0.6511173184357542,0.29308452250274425,-0.18441273326015367,0.44777986241400874,1.8185115697310819
NTAP,#####,0.18265666396034527,#####,0.136998173233057,1.2269541714504402,3.464389293542031,2.1806991520733248,0.11165712332279293,0.18265666396034527
NTAP,0.11605040174368365,0.2845790550085391,0.11340289152275687,0.27808682451664596,1.414219633593745,3.5169275754001426,0.6141680885906348,0.19663623521474202,0.2845790550085391
NFLX,0.19825501944707244,0.4759020943729498,0.10701145800483548,0.25687610396164523,2.8121546961325965,58.30555555555556,19.38888888888889,0.09134494070148877,0.4759020943729498
NWL,3.1148631493424057,0.5076762644111001,0.2521200426547504,0.04109180894998635,0.5335840945728103,#####,#####,0.07701093298683241,0.5076762644111001
NEM,#####,0.7675559719893481,#####,0.0633691685570569,0.8197767145135566,1.321960832614854,0.472595147185614,0.07730052273399743,0.7675559719893481
NWSA,#####,0.8516886930983847,#####,0.18746940773372492,0.6157556270096463,2.6927710843373496,0.41566265060240964,0.3044542339696525,0.8516886930983847
NWS,0.21292519372344115,0.44243982970577594,0.07507362901860229,0.1559963997568422,4.228639150675599,197.96698113207546,131.34376786735277,0.03689044966911378,0.44243982970577594
NEE,11.577656675749319,0.9009754028837998,1.904632152588556,0.14821882951653945,1.0,#####,#####,0.14821882951653945,0.9009754028837998
NLSN,#####,0.6178119161303716,#####,0.181025534565082,0.8870803662258393,9.174242424242424,7.648989898989899,0.2040689225659124,0.6178119161303716
NKE,#####,0.8905060975773513,#####,0.29244959709318125,0.6873711305546796,16.01468652332381,14.58080050507312,0.4254609832932417,0.8905060975773513
NI,4.88609715242881,0.6805879608026132,1.1122278056951425,0.15492300513299112,0.34068753206772706,0.5350043215211755,-0.8833189282627485,0.45473635090993936,0.6805879608026132
NDSN,14.955974842767295,0.35577498503889887,7.1069182389937104,0.16906044284859365,0.9576271186440678,8.050739957716702,7.511627906976744,0.1765409934171155,0.35577498503889887
NSC,#####,0.7749205431956082,#####,0.47125108350187805,5.585616438356165,4.321937321937322,0.8945868945868946,0.08436867957237792,0.7749205431956082
NTRS,#####,0.7749205431956082,#####,0.47125108350187805,5.585616438356165,4.321937321937322,0.8945868945868946,0.08436867957237792,0.7749205431956082
NOC,#####,1.6310513124917556,#####,0.4855559952512861,8.785202863961814,1.002982107355865,-1.8469184890656063,0.05526975333069516,1.6310513124917556
NLOK,#####,0.8451519536903039,#####,-0.028461167390255667,-0.040190735694822885,#####,#####,0.7081524360829715,0.8451519536903039
NLOK,#####,0.40299669196341703,#####,0.11446779529091262,0.3290448888267375,3.713523131672598,2.4906583629893237,0.34787896477913993,0.40299669196341703
NCLH,32.309309309309306,1.1287242971044902,9.636636636636636,0.3366554762903903,2.6951287793952967,0.3532919254658385,-1.0024844720496895,0.1249125751853406,1.1287242971044902
NRG,0.23612433423462142,0.32129049928842285,0.19096245600100104,0.25983947411765357,0.6317646158899572,3.10816340831056,-3.8749912409782077,0.411291591175333,0.32129049928842285
NUE,#####,0.823404255319149,#####,0.5314893617021277,1.8367647058823529,0.9014195583596214,0.2531545741324921,0.28936170212765955,0.823404255319149
NVDA,0.01132977402532903,0.0049413803373676655,0.12397566426620313,0.05407088511629166,0.36398432516176066,#####,#####,0.14855278477242576,0.0049413803373676655
NVR,#####,0.7380681387055164,#####,0.6109720009105395,9.677884615384615,2.082751744765703,1.0912263210368893,0.06313073829577358,0.7380681387055164
NXPI,#####,1.3066666666666666,#####,0.27076923076923076,6.1395348837209305,17.883333333333333,#####,0.0441025641025641,1.3066666666666666
ORLY,#####,#####,#####,#####,#####,#####,#####,#####,#####
OXY,2.060612029737002,0.9393554583832,-0.5856446074170246,-0.26697333156891345,-0.9909200576452871,4.660390120574849,4.507350590913684,0.2694196464277041,0.9393554583832
ODFL,0.41211310661062284,0.7012353706111834,0.15361100496752006,0.2613784135240572,0.5606694560669456,0.5679347826086957,-0.811141304347826,0.46618985695708715,0.7012353706111834
OMC,-0.7219507356223444,0.22756759611273422,-0.13886132384467154,0.043770767312984744,0.09570164384137428,3.0919838904033052,#####,0.457366932855771,0.22756759611273422
OKE,0.23553557466770914,0.1641577549213269,0.22234167318217357,0.1549621960356924,1.4299182903834067,3.666293393057111,1.3325867861142218,0.10837136434847762,0.1641577549213269
ORCL,#####,#####,#####,#####,#####,#####,#####,#####,#####
OGN,0.0880550905519236,0.18785390349010397,0.2069753668828372,0.4415546035048394,196.0531436215493,#####,#####,0.002252218940988741,0.18785390349010397
OTIS,0.8998496240601503,0.5737296260786193,0.2586466165413534,0.16490891658676893,0.8986415882967607,4.480109739368999,3.820301783264746,0.1835091083413231,0.5737296260786193
PCAR,#####,1.04967117673062,#####,0.34218520906638855,0.6951622114512941,0.2216296616197541,0.13775276902753786,0.49223793156421225,1.04967117673062
PKG,0.9307497419536455,1.1756548536209552,-0.6221263019611523,-0.785824345146379,-0.6936597614563716,0.33322346736980885,-0.44429795649307846,1.132867132867133,1.1756548536209552
PH,#####,0.510209897064745,#####,0.3348792549841519,0.5671952379620044,10.11811069707552,2.3965312054938837,0.5904126702251773,0.510209897064745
PAYX,2.3927568366592755,1.040190579357575,-0.04548622109597719,-0.019773985366883625,-0.07141673021451543,0.414293831681293,-0.25377864764189656,0.276881695752357,1.040190579357575
PAYC,1.6290721942343398,0.58402951750549,0.9216649242663685,0.33042091254526096,0.7658725854849445,1.2518392426476623,0.44582474049404747,0.43143065675348724,0.58402951750549
PYPL,#####,0.32988108937476024,#####,0.7492903720751822,14.561311964219158,58.45996860282575,49.74568288854003,0.05145761411584197,0.32988108937476024
PENN,#####,#####,#####,#####,2.3173913043478263,#####,#####,#####,#####
PNR,#####,0.9014392991239049,#####,0.1393929912390488,1.8371134020618556,1.4173461823573017,-0.8673091178650852,0.07587609511889862,0.9014392991239049
PBCT,158.76923076923077,0.36121213447014233,67.72596153846153,0.1540817386834089,11.508986928104575,#####,#####,0.013387949751436963,0.36121213447014233
PEP,#####,0.2570891312523505,#####,0.12252726588943212,0.23160588611644273,2.7071700507614214,0.09486040609137056,0.5290334712297856,0.2570891312523505
PKI,0.5868447893685568,0.6253263308259686,0.5891244149955004,0.6277554397739876,1.130690383738909,0.6166030587564392,0.4944039130782841,0.5551965850263607,0.6253263308259686
PFE,#####,0.8101050397101344,#####,0.11407971306225524,2.1371271854645184,11.400503778337532,1.4471032745591939,0.05337993631738828,0.8101050397101344
PM,2.917553879057087,0.9009667289755802,0.3969958818721422,0.12259587857987288,5.143311455443535,30.95664030542678,27.242705208617398,0.023835981865364363,0.9009667289755802
PSX,4.273821591485048,0.7253548387096774,0.5287633046122656,0.08974193548387097,3.8354779411764706,25.21031746031746,11.0,0.023397849462365592,0.7253548387096774
PNW,29.14788732394366,0.5027329041661606,0.3345070422535211,0.005769464350783433,0.03209459459459459,40.66339869281046,36.24183006535948,0.17976436292967327,0.5027329041661606
PXD,#####,0.7493261455525606,#####,0.24468403713686732,0.5234942332336608,0.35390625,0.38828125,0.4674054108016372,0.7493261455525606
PNC,0.2328795098706603,0.22936640965471003,0.034649421375085095,0.034126718069057996,0.13227650727650728,#####,#####,0.25799530673818305,0.22936640965471003
POOL,0.6325024554697247,1.0275130449782224,0.23511454434445594,0.38194833757384966,1.249576749435666,#####,#####,0.3056621674069602,1.0275130449782224
PPG,#####,#####,#####,#####,#####,#####,#####,#####,#####
PPL,#####,0.7595965294796374,#####,0.2921119253917787,1.227705599192039,0.8565437392459737,#####,0.23793320286558883,0.7595965294796374
PFG,#####,#####,#####,#####,#####,#####,#####,#####,#####
PG,0.29486024257059956,0.7048724797518525,0.05292940943250014,0.12652938135447184,1.0576161325171047,0.46513429752066116,-1.8923037190082646,0.11963639496811994,0.7048724797518525
PGR,0.44946634410132347,0.8883888388838884,0.12728048954034438,0.2515751575157516,1.9519860323003055,2.109492717227524,-0.24861878453038674,0.12888163816381637,0.8883888388838884
PLD,0.5855924281374153,0.8019041523321866,0.07232998364103763,0.09904792383390672,0.12352823787667132,0.38555691554467564,-0.6042431660546715,0.8018241459316745,0.8019041523321866
PRU,469.0793103448276,1.3044872716938267,151.08401253918495,0.4201574594473489,1.0766835257532974,0.02138633273250482,-0.8799291654808209,0.3902330159211709,1.3044872716938267
PEG,1.2774193548387096,1.3255230125523012,0.6040322580645161,0.6267782426778242,6.8090909090909095,0.22871664548919948,-0.5171537484116899,0.09205020920502092,1.3255230125523012
PTC,26.014227066817668,6.335177715723791,0.12436296715741789,0.030285793084427897,0.6986083499005964,#####,#####,0.043351604785051887,6.335177715723791
PSA,#####,0.4855273768474964,#####,0.3284368687601515,0.4116105426151549,0.1276020007393032,-0.29068766749838276,0.7979311381905769,0.4855273768474964
PHM,0.39699635922330095,0.7395789176204607,0.023740898058252427,0.04422778013282464,0.11722846441947565,#####,#####,0.37727850784230604,0.7395789176204607
PVH,#####,1.5813953488372092,#####,0.48990208078335373,11.601449275362318,1.5895522388059702,0.6305970149253731,0.04222766217870257,1.5813953488372092
QRVO,0.009641873278236915,0.013840767681898163,-0.015303156670963176,-0.02196745696301268,-0.037426213802268446,#####,#####,0.5869537613147823,0.013840767681898163
PWR,0.31235259015089084,1.1782613356201093,0.16763755884553816,0.6323650266195019,1.3891679748822605,1.2095103968188219,0.8633915997017646,0.4552113481259156,1.1782613356201093
QCOM,#####,7.715678981734028,#####,2.099780973634185,12.552000988142293,#####,#####,0.16728655260765352,7.715678981734028
DGX,#####,2.287207650273224,#####,1.4631420765027323,1.7354421108804192,#####,#####,0.8430947176684882,2.287207650273224
RL,0.05711397523376295,0.012943426915455369,-0.5449583017437453,-0.12350091062162813,-0.47089138315063106,#####,#####,0.26227048325945274,0.012943426915455369
RJF,6.685549132947977,1.5454302512025655,1.753757225433526,0.4053981827899519,2.8461538461538463,0.37973568281938325,-1.016740088105727,0.14243719935863175,1.5454302512025655
RTX,#####,0.7864271904706824,#####,0.32162981358248804,1.1986900043549218,12.600253722374307,1.9424450824597717,0.2683177572299637,0.7864271904706824
O,#####,0.3113865074203276,#####,0.42538560081988214,3.179788324867114,#####,#####,0.13377796172569423,0.3113865074203276
REG,#####,1.2540261556920889,#####,1.434478122192544,11.083431164281455,#####,#####,0.12942545507165984,1.2540261556920889
REGN,1.4721623335447052,0.7281623435686729,0.4222574508560558,0.20885738481322336,0.9820085533107211,1.0214313050133945,0.32542416124505674,0.21268387541950257,0.7281623435686729
RF,#####,#####,#####,#####,#####,#####,#####,#####,#####
RSG,#####,0.2449501738301154,#####,0.15667987124692628,0.7056872777053342,5.029999336004073,3.586945840065514,0.222024508868005,0.2449501738301154
RMD,2.594631409859148,0.5743483444017499,0.4403349512397063,0.09747266963074336,0.1482207122824965,#####,#####,0.6576184133089878,0.5743483444017499
RHI,#####,0.5086772078673352,#####,0.18080730170973133,1.3524038461538461,2.9912023460410557,2.5317693059628543,0.13369327677079315,0.5086772078673352
ROK,0.3553113553113553,0.7743697478991597,0.11683053788316947,0.2546218487394958,0.4963144963144963,#####,#####,0.5130252100840336,0.7743697478991597
ROL,0.25581955508146514,0.38550687062483796,0.059993462140632794,0.09040705211304122,2.5122478386167146,16.999306518723994,16.018030513176143,0.0359865180191859,0.38550687062483796
ROP,0.2344213649851632,0.056107954545454544,0.11795252225519288,0.028231534090909092,0.09260337798485731,#####,#####,0.3048650568181818,0.056107954545454544
ROST,3.394018080400077,0.8348157259781426,0.17763031352183112,0.043691157685575056,0.151219911576879,0.9711779448621554,-0.3510164299637984,0.2889246345271325,0.8348157259781426
RCL,#####,0.6219863126034383,#####,1.1381502631618183,11.57883081030246,#####,#####,0.09829578493789977,0.6219863126034383
SPGI,9.106395088831972,8.978274811608145,5.066593487010611,4.995310245310245,1.1702788994271762,#####,#####,4.268478435145102,8.978274811608145
CRM,0.6027120741018086,0.4710312714689194,0.2594865617216624,0.20279382204015164,4.576514498995119,#####,#####,0.04431184957125773,0.4710312714689194
SBAC,87.86360320933625,8.394494773519163,-0.825674690007294,-0.07888501742160278,-0.6267995570321152,#####,#####,0.12585365853658537,8.394494773519163
SLB,0.8922140173597616,1.316993880673126,0.5007125275294727,0.7390999490056094,0.6613620807665982,0.41025250988743533,-1.2459689686644357,1.117542070372259,1.316993880673126
STX,0.37132836718299517,0.3956529187854744,0.2768343378986432,0.2949688833109391,1.4000423714291945,3.410926015936842,-0.0845963501391896,0.21068568304102703,0.3956529187854744
SEE,#####,0.5680714682690094,#####,0.24215067540699986,0.3965462911043053,#####,#####,0.6106491999525622,0.5680714682690094
SRE,0.3434431628448448,0.7619711129991504,0.08489193204969134,0.1883432455395072,0.45801652892561984,1.3640179910044978,-0.43823088455772113,0.411214953271028,0.7619711129991504
NOW,#####,1.3169145774867048,#####,0.3482612275923228,0.2962319180087848,2.806773945083998,2.4015446426712743,1.1756370816935233,1.3169145774867048
SHW,137.28571428571428,0.7859209864116758,46.357142857142854,0.26538122798188224,1.8289616301755907,#####,#####,0.14509939607448416,0.7859209864116758
SBNY,5.6343716779950395,0.571853881338255,-1.0078257041308292,-0.10228807639199941,-0.20356995370659559,3.7797815840185085,3.7095192044934846,0.5024713840600796,0.571853881338255
SPG,#####,#####,#####,#####,#####,#####,#####,#####,#####
SWKS,2.2950235732617053,1.0112004850099479,-0.8280181454279597,-0.36482952071112024,-1.0950390691326621,6.269310143069454,5.957981757624046,0.3331657572730145,1.0112004850099479
SJM,0.22803990698372215,0.6817672123794573,0.10591853574375516,0.3166629289078269,2.864097363083164,14.338709677419354,5.967741935483871,0.11056290648127383,0.6817672123794573
SNA,#####,0.8731644887511788,#####,0.2586555301091203,0.8128704487722269,#####,#####,0.3182001886029907,0.8731644887511788
SEDG,#####,0.8855494274827508,#####,0.6340856869085351,3.549030510663486,7.873373050506584,4.409061586916101,0.17866447893399307,0.8855494274827508
SO,3.4935609463911352,0.8112525210376244,1.5127283617849656,0.35127616663189376,31.372670807453417,#####,#####,0.011196884345225677,0.8112525210376244
LUV,#####,0.66164316966456,#####,0.1589693728731162,0.3245657568238213,0.952433628318584,0.33573008849557523,0.4897909577053962,0.66164316966456
SWK,#####,#####,#####,#####,#####,#####,#####,#####,#####
SBUX,0.4048351911065953,0.830034924330617,0.1165167498431103,0.2388946755713498,0.512150269276238,0.40008286148322053,-0.42908438061041293,0.46645426138104285,0.830034924330617
STT,#####,1.255890052356021,#####,0.26034031413612563,3.7039106145251397,3.38217000691085,2.5293711126468557,0.07028795811518325,1.255890052356021
STE,#####,0.853690994815293,#####,0.2511145831647749,3.59656652360515,9.760136198794267,2.390568699931201,0.06982064185846366,0.853690994815293
SYK,0.6648181276088253,0.9132536041939712,0.32929338103756706,0.4523468217562254,0.5853871839720146,0.10176368751352521,-1.2358796797230036,0.772730996068152,0.9132536041939712
SIVB,#####,10.658181375187407,#####,#####,#####,#####,#####,#####,10.658181375187407
SYF,1.6956058774635006,0.970210353573027,0.3301958911152851,0.1889351036849172,1.4766303270564916,#####,#####,0.1279501715649709,0.970210353573027
SNPS,0.1039038416703365,0.17160092410370498,0.08654767764163407,0.14293659621802002,0.8296498634219022,3.938775510204082,2.21602787456446,0.1722854453666467,0.17160092410370498
SYY,#####,1.0444881096332124,#####,0.3906690850463523,0.47973767246179544,0.5080707148347425,-0.12938765052523699,0.8143389762192664,1.0444881096332124
TMUS,0.6172968145281333,0.29916317991631797,0.596680559690384,0.2891718366758044,111.34722222222223,3.6852846401718584,-2.596670247046187,0.0025970278459096813,0.29916317991631797
TROW,#####,0.37750769339737816,#####,0.09595824036950674,0.44984009646639406,2.706692614871354,1.5586109285750391,0.2133163342336146,0.37750769339737816
TTWO,-212.13636363636363,1.0292204212151284,-94.6590909090909,0.45925680890947185,9.153846153846153,1.051482932288752,0.1986569669837717,0.05017091189767339,1.0292204212151284
TPR,0.8603069570811507,0.5897807459677419,-0.1507214410440217,-0.10332661290322581,-0.6408753419304416,12.732989690721649,12.47319587628866,0.1612273185483871,0.5897807459677419
TGT,2.7918165741813525,0.7935349683681429,0.6175376547350448,0.17552647543114655,0.4743992130041692,0.40606404080476055,-0.4759138566166053,0.36999740012132765,0.7935349683681429
TEL,#####,1.0555335707690279,#####,0.2513388734995383,0.8224629861440843,4.607225836431227,3.084340148698885,0.30559292969265267,1.0555335707690279
TDY,-0.4154062940347581,0.04695413954574896,-0.07543447627994364,0.00852649797721312,0.37628865979381443,#####,#####,0.02265946037779925,0.04695413954574896
TFX,#####,0.4370948512844445,#####,0.2619420887991192,0.7532053634143018,1.9143501183236977,-1.853825300302549,0.3477698135495585,0.4370948512844445
TER,#####,0.34411374111397547,#####,0.12092805249589876,1.2730263157894737,10.297637795275591,6.8283464566929135,0.0949925787047887,0.34411374111397547
TSLA,#####,0.0035856653935690944,#####,0.02603247715514868,0.6769904617508702,#####,#####,0.03845324066726442,0.0035856653935690944
TXN,8.38030062324331,4.1957905041605486,-0.10277404374923622,-0.05145619187469408,-0.31628431741256113,#####,#####,0.16268967205090554,4.1957905041605486
TXT,3.70965571238887,0.9406509104466346,1.3911608070661587,0.3527542125740217,3.9953058940562047,28.2799655228142,11.08207186338415,0.08829216633920628,0.9406509104466346
TMO,0.6741048949435006,0.5440335912056075,0.15710610209731687,0.126791835462761,0.2144465846650054,1.757851099413559,0.8870938029889196,0.5912513629481533,0.5440335912056075
TJX,1932.5833333333333,0.9535380946507134,828.4166666666666,0.4087414168825295,1.5087266656548795,2.233064516129032,0.9078629032258064,0.27091813658977837,0.9535380946507134
TSCO,#####,0.2203974539623925,#####,0.37247947135707693,1.1815659679408137,#####,#####,0.3152422136922404,0.2203974539623925
TT,2.618588009339826,0.5827987652609906,0.4321631739810766,0.09618319616873972,0.5343566777821142,24.891402233646517,12.745169296224073,0.17999811767667057,0.5827987652609906
TDG,#####,0.6823469507657358,#####,0.1954095021738279,2.3107920333487724,10.904434250764526,9.426605504587156,0.08456386353844346,0.6823469507657358
TRV,#####,0.9861101607937051,#####,1.0144372220321587,3.173373287671233,0.09984415584415585,#####,0.3196715703044817,0.9861101607937051
TRMB,#####,#####,#####,#####,#####,#####,#####,#####,#####
TFC,5.112482853223594,0.7006956194773454,0.9698216735253772,0.13291972175220906,0.30659150043365135,0.37293469708890636,-1.3154996066089693,0.4335401391238955,0.7006956194773454
TWTR,11.127218934911243,0.5069416363391293,1.6168639053254439,0.07366221862784741,0.1734094875456132,1.5624489795918368,-1.1028571428571428,0.4247877072381723,0.5069416363391293
TYL,-2.7952141335488134,0.2956169717153184,-1.7040818825142634,0.1802207278568085,0.5580162771118149,5.166464439051708,1.6674351316035094,0.3229667937100265,0.2956169717153184
TSN,#####,0.3484768675558391,#####,0.22515349757665568,1.284009826029173,3.9390702801322743,0.16784044569213144,0.1753518493491187,0.3484768675558391
USB,#####,0.8000782472613458,#####,0.08261606677099635,0.2656741455231705,2.368059373282023,1.9571192963166575,0.3109676577986437,0.8000782472613458
UDR,0.05889720898570456,0.25483034872761545,0.05669162695711368,0.24528746465598492,1.7994814174589455,10.49877750611247,7.623471882640587,0.1363100848256362,0.25483034872761545
UAA,#####,#####,32.66216216216216,#####,43.945454545454545,#####,#####,#####,#####
UA,#####,#####,#####,#####,#####,#####,#####,#####,#####
UNP,0.8887082471179426,0.3811727416798732,0.7493349098433343,0.3213946117274168,2.9649122807017543,4.20072202166065,0.9675090252707581,0.10839936608557844,0.3811727416798732
UAL,#####,0.45351928197533703,#####,-0.0005416536198428786,-0.0009735728307367609,4.0028706391956606,3.3922357378242887,0.5563565485213643,0.45351928197533703
UNH,#####,#####,#####,#####,#####,#####,#####,#####,#####
UPS,0.6581972803127045,0.7118726964547845,0.352986606005404,0.38177235692938083,0.5728175194626034,1.201922492545061,#####,0.6664816350022705,0.7118726964547845
URI,2.227055949749913,0.6035273535391744,0.19239269512620683,0.052138004949012565,0.1205144085394732,1.7298640549627247,0.036836719777810265,0.4326288082966886,0.6035273535391744
UHS,2.079345088161209,0.24383399793235858,0.6183879093198993,0.07251513808890858,0.9246704331450094,19.692640692640694,16.549783549783548,0.07842268498006202,0.24383399793235858
VLO,0.002807884539787724,0.014084507042253521,-0.1434828999831527,-0.719718309859155,-0.4084405722963792,#####,#####,1.762112676056338,0.014084507042253521
VTR,#####,1.0450892857142857,#####,0.36223214285714284,1.2312594840667679,1.5236617532971295,#####,0.2941964285714286,1.0450892857142857
VRSN,#####,0.13625932300631097,#####,0.00889271371199082,0.07878017789072427,#####,#####,0.11288009179575445,0.13625932300631097
VRSK,#####,0.09900866209699566,#####,0.04654333632283406,1.3727273042886554,19.193722249629996,15.488881351751356,0.03390574091257894,0.09900866209699566
VZ,14.587315172800519,0.5655546935608999,3.872236814921937,0.15012781168544365,0.6482073425588784,40.66388888888889,-6.295717592592593,0.23160461449386802,0.5655546935608999
VRTX,1.0323749697994684,0.572481243301179,0.31722638318434404,0.17591103965702037,0.15076357790791137,0.7831325301204819,-0.4010327022375215,1.1668006430868167,0.572481243301179
VFC,0.8056390108620292,0.3453194650817236,-0.02938910715661351,-0.01259699521215123,-0.1509396636993076,#####,#####,0.08345715700842,0.3453194650817236
VTRS,#####,588.9039615846339,#####,353.25090036014404,22.638713648253578,#####,#####,15.603841536614645,588.9039615846339
V,29.270467289719626,0.4017043997039013,8.10694259012016,0.11125871255707595,0.34912977731268796,2.2391496063667944,2.048843132500649,0.31867437207291066,0.4017043997039013
VNO,#####,#####,#####,#####,#####,#####,#####,#####,#####
VMC,#####,0.5239913512715567,#####,0.11303592835113138,0.974050899514884,1.6249111831013054,0.769213052170143,0.1160472501051308,0.5239913512715567
WAB,#####,0.5239913512715567,#####,0.11303592835113138,0.974050899514884,1.6249111831013054,0.769213052170143,0.1160472501051308,0.5239913512715567
WMT,0.13541452903755385,1.0385599055675783,0.07916068130515083,0.6071217784772772,2.6649395509499136,4.547899159663865,2.215126050420168,0.22781821758803855,1.0385599055675783
WBA,4.20492433957425,1.6328054974604123,-0.20877147986663247,-0.08106762274673837,-0.385781990521327,3.7710144927536233,3.2742028985507248,0.2101384324270491,1.6328054974604123
WM,#####,1.186106113581588,#####,0.7454258460911776,2.4106152917284156,#####,#####,0.3092263824298177,1.186106113581588
WAT,813.55,0.8044596064471472,399.25,0.39478888559280134,0.6401314734648068,1.6719787516600266,-0.07911212293682413,0.6167309403737763,0.8044596064471472
WEC,0.4854687894869851,1.184340320591862,0.1771544099064948,0.4321824907521578,0.5662358642972536,0.40189873417721517,-3.4778481012658227,0.7632552404438965,1.184340320591862
WFC,#####,0.9836214677286139,#####,0.42950913602349716,0.5742791610150251,#####,#####,0.7479100151646626,0.9836214677286139
WELL,0.4631979695431472,0.5720106566368908,0.12519035532994924,0.15459959254035419,0.23421177587844255,0.4984952708512468,-0.39402407566638004,0.6600846262341326,0.5720106566368908
WST,1970.441393875396,1.866008,556.3210137275607,0.526836,1.2653316104735783,#####,#####,0.416362,1.866008
WDC,0.09579793038570085,0.8148950744529659,0.02547102539981185,0.21666661331831044,6.20888369106586,20.495923549852982,20.13920074846298,0.034896226777460536,0.8148950744529659
WRK,0.36451912728695823,1.6960282235120063,0.09999021622150475,0.4652327301695687,1.7336726039016115,#####,#####,0.2683509730283373,1.6960282235120063
WY,5.784885450758702,1.041598585701658,2.842903897649509,0.5118795703533068,1.6856311193437417,#####,#####,0.30367235421744837,1.041598585701658
WHR,#####,0.2686815091002522,#####,0.1694406601417321,3.0141314399294226,47.62232013484342,39.81788252456851,0.05621541844429307,0.2686815091002522
WMB,#####,0.2739858591179206,#####,-0.052464113147500206,-0.23383410047708605,6.147647679203971,3.468088338128919,0.22436468008925536,0.2739858591179206
WTW,#####,0.0024360749399744124,#####,0.08988064985366025,0.6014072119613016,#####,#####,0.14945056870958132,0.0024360749399744124
WYNN,#####,0.6437167646235656,#####,0.12494502418935668,1.9904458598726114,90.83660130718954,81.33986928104575,0.0627723801527328,0.6437167646235656
XEL,#####,0.2182442454136624,#####,0.1182379687626346,1.5612908524793359,#####,#####,0.07573090470290801,0.2182442454136624
XYL,#####,0.5116712887479004,#####,0.19531897286353941,0.42818036922173175,#####,#####,0.45616050361803057,0.5116712887479004
YUM,3.8306389530408005,0.8774466584376653,0.5352468932145606,0.12260372320326474,0.3160184403610155,0.5843936381709741,-0.3742544731610338,0.3879638259818122,0.8774466584376653
ZBRA,#####,1.260954520278171,#####,0.5393101113914702,0.3413510697348304,0.3649354574105254,0.2546086430945905,1.579927995568958,1.260954520278171
ZBH,1.307926380368098,1.4541634835752484,0.29246625766871165,0.325166430208447,0.15373700368927531,0.05472814081094563,-0.4428133684885627,2.115082396595002,1.4541634835752484
ZION,0.6478841620832866,1.1304347826086956,0.10562352677068133,0.18429298864081473,0.35916030534351145,2.9457964601769913,0.6150442477876106,0.5131218174696436,1.1304347826086956
ZTS,0.07934123969492331,0.5493187083621193,0.042726415858599376,0.2958161438192192,2.8567505268202877,6.736929955290611,-3.1244908097367112,0.10354986935050224,0.5493187083621193
