2015-12-31,150.64,76.61,44.91,59.24,90.28,104.5,38.71,36.68,93.94,84.72,150.51,9.57,59.9,41.81,61.97,130.11,52.63,80.51,56.01,90.36,65.85,65.92,62.45,62.09,778.01,758.88,58.21,675.89,,2.87,43.23,42.35,58.27,69.55,96.95,59.75,106.42,103.71,53.59,162.33,52.23,55.32,92.5,139.44,92.21,44.47,105.26,18.67,85.73,77.84,80.54,34.41,63.04,60.93,741.91,184.13,62.66,,72.73,16.83,95.82,38.15,154.09,54.75,132.04,30.45,138.66,90.0,306.35,340.52,41.22,144.59,1274.95,43.23,127.54,18.44,68.79,145.15,53.73,32.1,,62.02,20.81,11.0,52.55,72.18,89.27,53.97,54.48,,25.03,67.96,64.9,34.58,42.04,67.33,65.81,18.36,,60.17,40.81,80.39,32.93,183.1,89.96,479.85,116.85,84.88,146.33,59.17,91.05,27.155,51.75,26.19,75.65,126.83,90.6,36.08,42.96,60.02,66.62,56.43,41.83,42.16,46.69,64.27,142.44,,134.2,38.01,18.28,,161.5,17.69,86.45,25.95,88.01,97.77,32.03,92.88,63.64,69.71,76.27,50.69,60.85,32.0,81.9,66.9,75.62,53.62,26.68,25.22,57.18,105.08,71.87,77.22,67.64,111.25,61.31,,80.19,71.39,21.02,66.6,,67.51,52.04,27.48,114.38,59.21,78.98,68.72,47.83,3.51,68.36,70.79,78.62,111.37,302.4,81.59,239.41,88.06,8.26,183.09,,51.07,27.77,124.3,45.1,88.21,77.95,96.96,162.57,40.82,146.1,148.99,20.1,66.06,31.73,60.6,91.46,142.93,39.13,14.09,31.17,,55.5,,,36.82,6.77,40.94,37.17,90.7,31.15,29.77,137.36,57.66,85.89,101.19,57.16,64.51,34.01,180.23,202.59,34.04,43.46,67.36,67.63,38.24,158.19,89.27,48.48,15.2,21.4,38.69,132.25,103.57,79.08,15.34,9.87,11.84,178.51,126.85,11.06,76.61,72.92,29.18,92.68,191.945,108.45,,34.45,256.26,137.62,37.7,23.28,119.64,96.5,546.16,33.48,89.16,68.66,27.01,73.36,78.06,41.95,102.72,31.89,66.03,27.6,72.27,13.19,28.33,127.3,26.46,14.92,69.35,72.76,41.83,86.9,123.64,79.42,,43.84,56.26,48.91,84.26,50.26,,24.57,29.63,217.15,38.4,76.04,25.16,86.9,121.18,12.59,51.84,111.59,67.04,55.45,136.58,28.3,97.36,13.55,85.56,118.14,197.23,76.92,52.82,104.66,48.21,339.13,22.72,46.54,14.16,55.48,90.81,,189.39,93.92,44.84,63.71,148.96,100.34,31.81,27.59,68.45,72.13,58.17,26.53,114.38,44.08,17.99,13.36,13.96,103.89,46.6,62.5,19.51,64.15,84.59,72.09,188.81,21.0,58.6,11.77,40.3,32.96,1643.0,84.25,253.42,67.61,59.07,75.66,24.66,36.53,,,47.4,63.05,47.13,96.98,52.89,37.63,36.2,16.02,49.53,16.15,99.92,53.57,32.28,87.91,81.8,64.48,125.38,95.31,80.78,98.82,34.13,44.98,79.41,31.8,42.92,81.41,38.69,34.63,247.7,17.82,73.65,50.9,20.25,49.985,71.14,111.48,57.97,96.07,51.63,68.12,542.87,9.6,43.99,53.69,47.14,102.61,25.9,189.79,53.81,101.21,98.58,78.4,105.07,69.75,36.66,44.6,94.01,86.56,259.6,153.37,194.44,76.83,123.34,171.43,28.17,46.79,43.06,106.73,60.03,66.36,75.34,92.94,118.9,30.41,45.61,41.0,39.12,71.49,34.84,32.73,72.61,64.61,88.7,131.45,20.67,240.01,54.81,42.01,141.85,70.91,85.5,55.29,228.45,112.86,21.45,37.81,23.14,174.32,53.33,42.67,37.57,185.0,80.61,,78.2,57.3,117.64,96.23,72.54,119.49,70.71,56.43,87.36,76.88,46.22,125.83,62.25,,77.55,99.96,94.97,71.12,61.3,85.155,53.37,134.58,51.31,54.36,68.03,60.22,60.05,45.62,29.98,146.87,25.7,,69.19,35.91,36.5,73.05,69.65,102.59,27.3,47.92,
2015-12-30,151.91,78.03,45.27,59.8,92.12,105.86,39.43,36.88,95.28,86.38,151.4,9.5,60.52,42.17,62.51,132.26,52.9,81.44,56.34,91.39,66.1,66.61,63.45,62.81,790.3,771.0,58.8,689.07,,2.98,44.0,42.8,58.9,70.16,98.1,60.45,107.29,105.02,54.18,163.29,52.93,56.55,93.72,140.96,93.54,44.81,107.32,18.96,86.54,78.75,81.37,34.74,64.15,62.25,750.17,185.32,63.34,,73.33,17.05,96.67,38.05,155.43,55.82,133.26,30.46,139.57,91.21,308.34,342.05,41.28,146.41,1289.16,43.92,128.6,18.61,69.52,147.37,54.54,32.34,,62.36,21.22,11.1,53.21,73.21,90.54,54.56,55.04,,25.3,68.69,65.68,34.64,43.24,67.44,66.29,18.3,,60.63,41.16,80.54,33.25,184.22,90.09,485.79,118.2,86.13,146.85,60.1,92.24,27.53,52.3,26.3,76.96,128.2,91.52,36.68,43.57,61.0,67.53,56.71,41.98,42.59,46.6,65.25,144.17,,135.48,38.12,18.49,,162.71,17.01,87.02,25.9,89.18,98.74,32.44,93.35,64.29,70.02,77.5,51.17,61.41,31.0,82.35,66.02,76.93,54.25,26.56,25.06,57.48,106.34,72.1,77.62,68.68,111.51,61.68,,81.54,72.19,21.22,67.33,,67.8,52.59,27.75,115.43,60.3,79.21,69.65,48.53,3.5,69.25,70.61,79.24,112.77,302.69,81.89,243.27,89.03,8.48,186.06,,51.85,27.69,126.27,45.58,89.46,78.11,98.06,162.49,41.51,148.13,149.18,20.25,66.26,32.29,60.99,92.96,143.12,39.69,14.17,31.45,,56.25,,,37.03,6.77,41.38,37.31,91.6,31.05,30.56,139.26,58.56,86.87,102.16,57.59,65.26,34.33,182.01,204.7,34.13,43.84,67.5,68.44,38.65,159.91,90.6,48.17,15.28,21.6,39.34,133.35,104.46,79.66,15.76,9.96,11.84,179.0,127.64,11.17,77.12,73.97,29.08,93.19,191.07,109.11,,34.99,256.93,139.34,38.2,23.55,120.62,98.28,552.51,33.38,90.36,69.59,27.58,73.03,78.99,42.42,103.78,32.2,66.59,27.71,73.19,13.25,28.58,129.43,26.69,14.54,69.69,73.75,42.31,87.43,124.19,80.17,,43.99,57.24,49.36,86.2,50.83,,24.78,29.76,219.8,38.51,76.86,25.38,87.76,122.64,12.38,52.3,112.96,68.02,56.1,137.29,28.41,98.87,13.6,86.6,119.43,198.74,77.53,53.25,106.22,48.73,344.14,22.52,47.74,14.16,56.31,91.81,,189.89,94.54,45.51,64.78,150.24,101.11,32.23,28.35,69.3,72.59,59.02,26.87,116.71,43.75,17.77,13.52,14.1,104.91,47.04,63.25,19.82,64.57,84.86,72.83,190.08,21.29,59.51,11.09,40.34,33.39,1649.54,85.76,257.66,67.02,58.7,76.63,23.44,36.92,,,48.02,64.0,46.76,98.34,53.78,38.32,36.48,16.23,50.0,16.35,101.15,53.93,32.75,88.98,82.01,65.23,124.47,96.1,81.69,99.77,34.34,45.47,80.07,32.32,43.24,82.17,38.99,35.04,250.46,17.98,73.15,51.66,20.52,50.41,71.74,112.66,58.44,96.9,51.92,68.89,548.19,9.65,44.54,54.37,47.52,103.98,26.7,190.58,54.55,102.73,99.86,79.14,105.1,69.64,37.18,44.93,94.85,87.38,262.45,154.32,195.16,79.19,123.95,172.42,28.63,47.27,43.35,107.23,60.82,66.57,76.95,94.25,119.73,30.43,46.14,41.46,39.74,72.09,35.51,32.67,73.62,65.49,89.23,133.15,21.24,238.09,56.16,42.45,142.86,71.36,86.29,55.83,227.88,114.29,21.71,38.17,22.23,178.23,53.78,43.01,37.76,185.61,80.96,,78.51,57.51,118.92,97.09,72.68,120.02,71.58,56.63,88.14,77.51,46.77,126.4,62.66,,78.35,101.16,95.59,71.19,61.68,86.39,53.98,135.64,52.23,54.89,68.32,61.98,61.09,45.76,30.34,148.57,24.41,,68.64,36.4,36.87,73.81,69.45,102.47,27.47,48.26,
2015-12-29,152.89,78.34,45.82,59.45,92.83,105.32,39.58,37.09,95.33,86.84,152.2,9.61,60.94,42.36,62.54,133.2,53.33,82.77,56.73,92.0,66.37,66.96,63.38,63.19,793.96,776.6,58.92,693.97,,3.0,44.12,43.5,58.89,70.55,99.41,60.6,108.58,104.77,54.55,164.44,53.45,57.31,94.36,141.85,93.84,45.45,108.74,19.26,87.63,78.7,81.99,34.93,64.25,62.22,749.18,185.54,63.59,,73.82,17.28,97.88,38.56,156.53,56.11,134.14,30.75,140.99,91.85,309.67,343.6,41.72,147.35,1302.4,44.04,129.82,18.74,69.74,147.94,54.84,32.45,,63.19,21.27,11.4,53.68,73.79,90.85,54.59,55.14,,25.35,69.19,65.96,35.13,43.34,67.64,66.74,18.46,,61.85,42.64,80.5,33.56,185.17,91.25,489.94,119.47,86.27,148.37,60.54,92.82,27.77,52.98,26.62,77.46,129.01,92.32,36.57,43.71,61.41,67.65,57.56,42.28,42.7,47.77,65.14,144.25,,136.36,38.82,18.49,,162.66,17.7,88.0,26.38,89.85,99.36,32.61,94.17,64.45,70.61,77.64,52.17,61.91,32.24,82.33,66.44,77.01,54.78,26.9,25.38,58.05,107.08,72.69,78.02,68.64,112.0,62.17,,81.44,72.37,21.31,67.57,,69.07,53.08,27.91,116.39,60.41,79.76,69.85,48.49,3.46,69.2,71.09,80.11,113.61,304.98,81.97,244.29,89.4,8.51,187.33,,51.9,27.95,127.7,45.67,90.22,79.16,97.55,163.56,41.64,149.96,149.24,20.48,67.18,32.6,61.59,94.18,145.39,40.39,14.23,31.78,,56.36,,,37.4,6.97,41.57,37.26,92.12,31.28,30.89,140.34,58.88,87.49,103.36,57.84,66.52,34.5,183.53,205.54,34.5,44.11,68.43,68.99,38.61,160.5,90.98,49.36,15.2,21.79,39.55,133.7,105.34,80.5,15.93,10.13,11.86,179.11,129.48,11.3,77.71,74.3,29.48,94.25,194.18,110.72,,35.44,257.74,139.78,38.65,23.65,121.12,99.34,553.37,33.57,91.79,70.46,28.26,73.51,79.25,43.07,104.03,32.65,67.07,28.04,73.51,13.42,28.62,129.54,26.97,15.1,69.9,74.69,42.64,88.3,125.2,80.75,,44.38,57.76,49.6,86.25,51.11,,25.17,30.03,220.47,38.8,77.13,25.88,88.66,124.0,13.03,52.16,114.24,68.75,56.35,140.66,28.54,99.72,13.77,87.26,120.07,200.32,77.85,53.34,107.26,49.01,345.75,22.94,48.12,14.34,56.55,92.4,,192.51,94.89,45.75,65.13,150.17,101.56,32.55,28.87,69.64,72.85,59.38,26.88,119.12,44.24,18.03,13.72,14.29,104.65,47.34,64.26,19.8,64.7,85.56,73.58,191.48,21.37,59.53,11.55,40.48,33.68,1650.0,86.32,258.5,68.19,59.16,77.15,24.05,37.04,,,48.38,63.94,47.29,99.52,54.26,38.72,37.08,16.52,50.48,16.52,101.45,54.36,32.83,89.36,82.77,65.19,124.46,96.95,82.55,100.58,34.44,46.16,80.36,32.46,43.57,83.21,39.05,35.36,252.21,18.16,74.3,52.99,20.77,50.88,72.11,113.98,59.14,97.27,52.18,69.06,550.21,9.76,45.25,54.5,47.88,104.96,26.57,192.62,54.94,102.63,100.0,79.44,106.2,70.51,37.15,44.33,95.85,88.12,264.89,156.2,195.79,80.43,124.8,173.91,27.53,47.26,44.34,107.92,61.13,67.65,77.73,94.81,122.5,30.69,46.45,41.53,40.12,73.1,35.83,33.0,74.44,65.75,89.74,134.29,21.36,237.19,57.02,42.98,143.03,71.76,87.19,56.23,228.37,115.02,22.06,38.54,22.47,180.61,53.9,43.52,37.89,185.31,82.25,,78.97,59.3,119.82,97.72,73.32,121.4,71.09,56.51,88.74,77.77,47.21,127.87,63.13,,79.21,101.48,96.56,72.02,61.61,86.82,54.35,136.17,52.3,55.29,68.51,62.18,61.06,45.87,30.61,150.16,24.87,,70.12,36.22,37.1,74.24,70.27,102.77,27.81,48.33,
2015-12-28,151.22,78.34,45.03,58.75,88.97,104.08,39.03,36.5,94.2,85.75,150.55,9.46,60.39,41.78,61.6,132.6,53.18,82.42,56.75,91.76,66.34,66.31,63.23,62.64,782.24,762.51,58.27,675.2,,3.0,44.04,43.23,58.6,69.76,98.37,60.61,107.8,104.19,53.94,161.73,53.17,56.45,93.83,140.03,92.0,44.92,106.82,19.0,87.18,78.04,80.94,34.76,64.22,61.86,741.87,183.9,63.99,,72.75,17.13,96.66,38.14,155.37,55.43,133.12,30.53,140.07,91.64,303.84,342.45,41.14,144.54,1272.96,43.39,129.62,18.73,69.17,146.35,54.75,32.12,,63.18,21.21,11.23,53.59,73.15,90.49,53.18,54.19,,25.06,68.58,65.44,34.73,42.47,67.05,66.06,18.18,,60.62,42.24,79.7,33.11,182.08,90.36,493.52,118.26,85.35,147.07,60.05,92.02,27.31,52.38,26.41,75.98,128.06,91.89,36.41,43.49,60.5,66.89,57.19,42.03,42.37,47.19,65.09,143.27,,136.07,38.37,18.21,,161.16,17.24,87.08,25.94,89.27,98.42,32.29,93.41,64.3,70.22,77.97,51.95,61.21,31.69,81.7,65.43,76.1,54.35,26.84,25.35,57.9,107.25,71.99,77.24,67.86,110.13,62.31,,80.66,71.92,21.12,66.47,,68.21,52.59,27.64,115.47,60.43,79.82,69.19,48.26,3.59,68.86,70.49,79.37,113.07,300.91,81.19,240.83,88.66,8.52,185.28,,51.84,27.76,126.1,45.82,89.06,78.74,97.0,161.35,41.4,149.64,148.41,20.45,66.7,32.64,61.0,93.14,143.85,39.93,14.18,31.79,,56.47,,,36.92,6.85,41.32,36.97,91.5,30.9,30.39,139.59,58.58,86.75,101.68,57.29,65.59,34.51,181.62,204.37,34.3,43.49,67.65,68.04,38.21,158.49,90.39,48.99,15.23,21.78,39.3,132.68,104.33,80.01,15.78,9.98,11.63,177.86,128.29,11.15,77.22,74.16,29.21,93.73,188.06,109.68,,34.93,254.41,137.61,38.12,23.5,120.35,98.22,547.11,32.96,91.42,69.58,27.41,72.88,78.42,42.67,103.22,32.2,66.38,27.71,72.87,13.3,28.78,128.23,26.66,15.26,69.4,73.42,42.45,87.09,124.4,80.03,,44.12,57.27,49.17,85.49,50.6,,24.9,29.69,218.41,38.34,76.44,25.84,86.92,122.66,12.98,51.6,112.7,68.85,55.54,139.81,28.51,98.53,13.73,87.19,118.75,200.27,77.18,52.84,105.93,48.26,343.46,22.63,47.53,14.19,55.95,91.67,,190.44,93.44,45.07,64.27,148.16,100.66,32.17,28.98,69.18,72.38,59.11,26.57,117.11,44.37,17.91,13.52,14.06,103.99,46.96,63.81,19.47,64.49,85.59,72.9,189.98,21.13,58.02,11.37,40.62,33.14,1649.92,85.88,255.94,67.99,58.7,76.51,24.12,36.79,,,48.0,64.37,46.83,98.63,53.79,38.5,36.61,16.01,49.6,16.34,100.68,53.54,32.42,88.59,82.46,64.84,121.58,95.94,82.2,99.9,34.14,45.57,79.92,31.96,42.91,82.45,38.71,35.21,251.17,18.1,72.92,52.89,20.62,49.58,71.6,112.39,58.44,96.09,51.75,68.53,540.28,9.63,44.85,54.12,47.38,103.23,26.6,190.18,54.39,100.32,97.47,78.2,104.93,70.42,36.74,43.99,96.05,86.89,264.23,154.84,194.08,79.31,124.23,172.1,27.6,47.11,43.82,106.99,60.19,67.17,76.39,93.95,120.62,30.17,46.16,41.51,39.78,72.72,35.76,32.62,72.87,65.21,89.14,133.23,21.32,228.95,56.42,42.56,140.7,70.67,85.99,55.51,225.22,113.48,21.9,38.09,22.53,180.52,53.53,43.05,37.42,184.77,81.22,,78.34,59.01,118.33,97.0,72.47,119.35,70.62,55.86,87.89,77.17,46.75,123.95,62.22,,78.53,100.48,95.82,72.49,60.75,85.84,53.91,134.0,51.89,54.68,67.52,62.08,60.3,45.63,30.57,148.98,24.81,,68.34,36.14,36.94,73.84,70.09,102.25,27.64,47.9,
2015-12-24,151.19,77.29,45.1,58.46,90.33,104.23,38.92,36.65,94.3,85.94,149.13,9.58,60.18,42.14,61.7,133.19,53.04,82.12,55.95,90.98,65.39,65.61,62.69,63.14,765.84,748.4,58.29,662.79,,2.92,43.68,43.81,58.4,70.16,98.14,59.83,107.94,103.95,54.29,163.55,53.42,56.8,93.35,140.56,92.05,45.8,108.03,19.11,86.84,75.01,80.88,34.66,63.17,61.85,740.56,182.73,64.06,,72.54,17.27,96.82,38.15,155.91,55.37,133.89,30.5,139.11,91.21,302.29,337.4,41.23,143.53,1273.07,43.51,129.01,18.72,68.97,146.32,54.6,32.08,,63.53,21.29,11.19,53.32,73.52,89.71,53.23,54.12,,24.95,69.38,65.44,34.74,42.96,67.62,65.57,18.11,,60.69,43.25,80.08,33.05,181.89,92.05,495.1,118.19,86.44,146.46,59.63,91.54,27.38,52.71,26.6,76.21,127.86,91.9,36.01,43.54,60.73,66.99,57.3,42.31,42.13,48.59,64.75,143.03,,136.34,38.29,18.56,,161.75,17.7,86.94,26.13,89.3,98.86,32.16,93.4,64.56,70.14,78.79,52.26,60.91,32.7,81.13,67.92,75.56,54.77,27.09,25.55,58.31,105.86,72.22,76.68,67.77,109.54,62.4,,79.88,72.04,20.94,66.4,,68.91,53.25,27.66,115.78,60.36,79.18,68.95,48.26,3.62,68.69,73.42,79.74,112.75,297.19,80.87,238.37,88.8,8.92,185.07,,51.74,27.75,126.47,45.92,88.23,79.33,97.44,160.21,41.51,147.75,149.65,20.52,66.9,32.6,61.11,93.06,145.34,40.58,14.31,31.77,,56.29,,,36.97,7.57,41.15,36.98,91.15,30.83,30.86,139.84,58.72,86.1,103.58,57.27,65.5,34.6,182.47,205.45,35.15,43.66,67.62,68.92,37.82,157.09,90.32,50.57,15.02,21.87,39.08,132.9,104.65,79.82,15.95,10.12,11.73,178.3,129.45,11.21,77.59,72.95,28.89,94.13,189.0,108.92,,34.98,251.92,138.25,38.52,23.55,119.97,97.59,547.45,32.92,91.46,69.63,27.34,72.97,78.14,43.3,103.72,32.1,66.6,27.62,72.87,13.33,28.95,126.88,26.48,16.08,69.51,73.96,42.46,89.48,124.7,80.39,,44.36,57.12,48.88,85.85,50.65,,24.9,29.49,218.56,38.47,76.28,25.87,88.17,123.33,13.93,52.64,111.13,68.77,55.54,142.33,28.44,98.59,14.09,86.7,118.57,199.41,77.63,52.85,105.02,48.27,341.86,22.51,47.26,14.48,55.67,91.08,,190.71,93.98,45.35,64.57,148.82,100.11,32.48,29.75,69.06,72.35,57.99,26.52,117.33,43.61,18.54,13.62,14.23,103.93,46.47,63.18,19.31,65.42,86.78,72.96,190.11,20.86,58.61,11.5,41.07,33.17,1654.91,86.42,253.42,69.2,58.71,76.08,24.12,37.01,,,48.45,64.3,47.44,99.85,53.82,38.5,37.07,16.2,50.28,16.35,100.54,53.44,32.62,88.86,84.36,64.29,125.02,96.24,81.97,100.39,34.26,45.66,79.79,32.0,42.46,82.55,38.6,35.41,248.25,18.22,72.79,54.21,20.68,49.55,71.41,113.38,58.2,96.3,51.3,68.19,537.63,9.71,44.41,53.92,47.15,103.82,26.07,189.84,54.33,99.92,97.49,77.83,104.04,70.53,36.65,43.81,96.02,86.96,265.17,153.62,194.35,79.32,124.78,171.86,27.95,47.1,43.9,106.95,60.32,67.14,76.61,94.36,121.87,30.6,45.77,41.3,39.67,72.45,35.745,32.65,73.17,65.29,87.95,132.8,21.46,230.57,56.75,42.69,141.32,70.89,85.67,55.63,226.79,113.27,22.19,38.27,22.97,178.56,53.94,43.42,36.93,184.93,81.2,,78.8,59.78,118.34,97.34,74.6,120.64,71.93,55.52,87.78,76.96,46.71,124.84,62.28,,78.26,99.81,96.82,73.13,60.83,86.46,53.43,133.94,51.57,54.82,67.03,61.62,61.22,45.51,30.72,149.57,24.91,,69.17,35.74,37.07,74.0,70.87,102.91,27.78,48.13,
2015-12-23,151.16,77.1,45.1,58.58,88.25,104.42,38.84,36.68,94.7,85.73,149.06,9.54,60.32,41.77,61.41,133.18,53.25,82.16,56.29,91.18,65.12,65.82,62.88,62.89,768.51,750.31,58.43,663.7,,2.83,43.85,43.29,58.25,69.97,98.5,59.57,108.68,103.94,54.17,162.72,53.54,56.48,93.3,140.51,91.76,45.71,108.61,19.09,87.12,74.75,80.96,34.78,63.27,62.04,744.35,183.07,63.94,,72.58,17.34,97.59,38.14,155.87,53.71,134.15,30.6,138.44,89.88,300.19,339.64,41.35,144.06,1279.05,43.57,128.95,18.74,68.99,146.51,54.63,32.07,,63.98,21.32,10.36,53.57,73.69,89.65,53.62,54.08,,25.04,69.89,64.7,34.87,42.77,67.71,65.79,18.05,,60.75,44.17,79.53,33.06,181.0,93.81,497.48,117.98,86.8,146.86,59.37,91.52,27.4,52.63,26.52,76.05,128.18,90.99,36.1,43.67,60.4,67.16,57.17,42.32,42.42,49.03,64.79,143.69,,136.25,38.9,18.55,,161.71,17.64,87.3,26.14,89.56,98.51,32.13,93.72,64.5,70.3,79.22,51.74,61.04,33.2,81.87,67.46,75.8,54.8,27.135,25.73,58.1,105.56,72.12,77.04,68.08,109.48,62.07,,80.01,72.0,20.98,66.03,,69.25,53.28,27.78,116.5,60.36,79.1,68.64,48.33,3.68,68.79,73.69,79.86,112.89,297.35,80.76,238.15,89.36,8.84,184.51,,51.64,27.79,126.28,45.83,88.21,80.19,97.69,159.28,41.26,147.67,150.72,20.46,66.68,32.47,61.19,93.45,145.41,40.78,14.36,31.89,,56.31,,,37.36,7.45,41.02,36.88,90.83,30.95,30.4,139.89,58.92,86.23,103.14,57.24,65.62,34.78,182.95,205.6,35.45,43.36,67.26,69.54,37.72,157.44,90.34,51.27,14.91,22.04,38.84,133.11,104.96,79.75,15.96,10.19,11.75,179.14,128.42,11.15,77.45,72.47,28.84,94.21,185.35,110.52,,35.0,251.0,138.54,38.33,23.46,119.66,98.0,547.73,33.12,91.4,70.04,27.54,72.67,77.92,43.36,103.49,32.33,66.73,27.65,73.07,13.34,29.0,127.06,26.49,16.41,69.25,74.51,42.31,87.82,124.65,80.42,,44.51,57.11,48.82,86.2,50.73,,25.01,29.46,217.93,38.47,76.16,26.02,89.75,123.25,13.96,52.71,104.76,68.85,55.51,142.96,28.38,98.73,14.03,86.86,118.8,200.5,77.65,52.98,104.63,48.18,340.02,22.5,47.31,14.3,55.82,90.87,,192.53,93.96,45.58,64.45,147.47,99.85,32.6,30.01,69.21,72.18,57.98,26.52,118.16,44.27,18.14,13.7,14.25,103.98,46.59,128.71,19.33,65.53,86.85,73.1,190.0,20.86,58.47,11.54,41.04,33.055,1657.83,84.53,254.15,69.21,58.78,76.33,24.29,36.93,,,48.65,63.84,47.23,99.48,53.95,39.25,37.11,16.05,50.39,16.32,100.64,53.06,32.56,89.08,84.8,64.43,125.84,96.17,82.35,100.24,34.24,45.7,79.92,32.0,42.39,82.96,38.66,35.12,248.63,18.13,73.87,54.41,20.91,49.04,71.73,114.51,58.5,96.3,51.51,67.92,535.85,9.69,44.49,54.12,46.89,104.2,26.33,190.08,54.34,99.93,97.98,78.04,103.38,71.01,36.62,43.8,96.54,86.89,267.15,152.97,194.03,79.17,124.86,172.36,27.92,47.1,43.44,107.06,60.34,67.16,76.83,94.12,120.45,30.51,45.88,41.55,40.13,72.75,35.55,33.28,73.65,65.25,89.53,132.03,21.48,229.7,56.7,42.78,141.02,71.3,86.06,55.64,227.53,113.21,22.28,38.24,22.67,177.21,53.8,43.48,36.95,186.27,81.99,,78.77,58.35,118.69,97.24,74.82,121.1,71.83,55.4,87.8,77.0,46.95,123.8,62.48,,78.56,99.91,96.85,73.66,61.09,86.05,53.66,133.92,51.54,55.04,67.03,60.92,60.32,45.51,30.62,150.14,25.34,,68.95,35.85,37.13,74.12,71.02,102.77,27.67,47.98,
2015-12-22,148.97,76.35,44.48,57.59,87.68,103.76,39.21,36.41,93.82,84.86,147.83,9.29,59.28,41.22,60.73,131.55,52.975,81.72,54.31,90.95,65.42,65.17,62.29,62.5,767.13,750.0,57.77,663.15,,2.77,43.2,42.895,57.21,68.85,96.42,59.03,107.17,103.16,53.42,162.3,53.03,56.015,91.85,140.19,91.07,42.78,107.23,18.755,84.71,72.75,80.48,34.41,62.43,60.985,744.82,180.82,63.07,,70.94,17.08,96.53,37.62,154.37,53.38,133.14,30.16,138.45,89.02,300.77,330.51,40.99,142.38,1277.49,42.13,127.24,18.49,68.31,145.1,54.18,31.68,,63.4,21.18,10.17,53.15,72.77,88.87,51.62,54.27,,25.01,68.41,65.63,34.3,42.8,66.07,65.15,17.59,,60.43,42.74,79.36,32.9,181.0,90.27,494.61,117.23,85.33,145.65,59.4,91.13,26.89,52.01,26.25,75.31,127.59,94.69,35.69,43.29,60.1,66.58,56.89,41.27,41.43,46.28,63.7,142.63,,134.35,38.79,18.16,,161.23,16.52,87.04,25.75,87.41,98.27,31.88,92.74,64.08,69.57,77.59,51.75,60.58,29.83,82.57,63.35,75.26,53.99,26.87,25.53,57.7,106.74,72.06,77.86,67.14,109.41,59.85,,79.08,70.95,20.85,64.63,,67.5,51.81,27.89,114.42,59.53,79.3,69.07,46.85,3.54,67.68,69.81,80.19,111.64,296.93,80.03,234.38,88.65,8.78,184.68,,50.69,27.52,127.52,46.0,89.03,77.65,97.44,158.32,40.08,147.75,148.41,20.06,65.82,31.72,59.85,92.94,142.14,39.25,14.2,31.54,,55.28,,,35.82,6.42,40.51,36.26,89.89,30.49,29.49,139.94,58.41,84.83,102.86,56.63,64.36,34.29,180.05,201.95,34.02,43.26,66.77,66.86,37.04,154.75,89.73,48.48,14.06,21.76,38.79,131.88,104.16,80.51,15.43,9.56,11.66,176.1,127.75,10.985,76.22,72.2,28.9,92.82,186.98,108.99,,34.73,250.09,137.93,37.65,23.29,119.51,97.21,541.45,31.73,89.55,69.29,27.1,72.17,77.76,41.98,102.71,31.75,65.68,27.51,72.19,13.0,28.56,126.37,26.12,15.32,69.08,72.93,42.1,86.65,124.34,80.19,,42.93,55.92,49.0,85.91,49.8,,25.02,28.84,217.58,37.8,75.16,25.18,87.09,121.77,12.69,51.6,104.8,68.49,54.95,139.84,28.31,97.54,13.91,85.53,117.72,197.3,77.32,52.1,105.51,47.21,337.11,21.74,47.17,14.61,55.35,90.56,,189.76,93.14,44.71,64.53,147.495,99.03,32.22,28.7,68.87,71.54,58.01,26.23,116.24,44.43,17.8,13.31,13.85,102.91,46.26,131.85,19.11,64.52,86.07,72.04,189.37,20.525,58.84,10.9,41.12,32.93,1658.13,85.27,253.75,66.98,58.72,75.41,23.12,36.59,,,47.49,62.7,46.61,96.49,52.71,38.5,36.805,15.8,49.26,16.18,99.8,52.63,32.52,87.66,81.7,63.5,116.55,94.57,81.39,98.76,33.81,44.81,79.6,31.83,42.07,81.49,37.94,34.24,248.49,17.8,73.12,52.41,20.22,49.065,71.37,111.81,59.25,94.87,51.18,67.64,528.34,9.5,44.28,53.54,46.06,102.01,25.9,187.22,54.31,98.66,95.9,77.86,101.675,69.49,35.45,42.91,93.92,86.48,261.85,151.4,192.6,78.41,122.97,170.29,27.68,46.45,43.54,105.74,59.99,66.4,74.01,92.73,119.8,30.21,45.34,41.27,39.26,70.91,35.27,33.03,72.61,64.39,89.18,131.76,21.17,229.95,55.61,42.07,139.53,70.4,85.4,54.23,226.17,112.48,21.89,37.64,22.56,178.14,53.59,42.7,36.51,186.12,80.37,,77.06,58.0,117.44,98.0,72.05,117.77,71.48,54.47,87.57,76.28,46.34,122.74,61.85,,77.38,98.03,95.49,73.08,60.54,86.01,53.2,132.84,50.74,54.34,66.16,61.07,59.69,44.04,30.15,146.94,22.57,,67.65,35.33,36.5,73.0,69.66,101.73,27.16,47.72,
2015-12-21,147.48,75.98,44.04,56.2,88.32,102.99,38.74,35.31,91.62,84.14,149.65,9.16,58.48,40.83,59.97,129.95,52.675,82.5,51.46,91.24,64.21,64.76,61.93,61.3,760.8,747.77,57.44,664.51,,2.53,42.86,42.4,56.55,68.4,95.56,58.27,105.43,102.89,53.08,159.28,52.1,55.83,91.09,139.53,90.8,42.53,107.33,18.52,84.05,71.56,79.96,34.09,62.08,60.16,742.95,179.95,62.9,,70.33,16.97,94.95,36.68,153.59,52.99,131.19,29.15,136.97,87.88,297.56,325.55,40.59,140.9,1275.71,41.58,127.07,18.27,68.04,145.8,53.86,31.63,,62.5,20.92,10.1,52.66,72.58,88.05,52.53,53.94,,25.19,65.24,65.21,33.92,42.34,65.15,65.2,17.53,,59.68,41.32,78.65,32.21,180.05,89.24,522.01,115.24,84.13,144.47,58.33,89.21,26.635,51.79,26.03,74.5,127.65,92.44,35.59,42.78,59.74,65.98,56.46,41.14,40.99,45.1,63.41,141.4,,133.7,38.56,18.03,,159.39,16.24,85.93,25.12,85.39,95.95,31.41,92.48,63.7,69.0,75.71,51.46,60.05,28.83,81.63,62.2,75.19,53.34,26.28,25.13,57.58,106.59,71.56,76.9,66.56,109.73,59.17,,78.66,69.81,20.89,63.82,,66.74,50.71,27.59,113.22,58.93,78.96,68.71,45.88,3.59,66.18,70.25,79.18,110.99,295.74,80.08,235.1,88.21,8.71,182.43,,50.07,27.43,125.58,45.24,89.09,77.26,97.39,156.57,38.84,147.86,145.75,19.86,65.85,31.07,59.16,92.38,141.38,38.24,13.73,31.66,,54.61,,,35.24,6.24,40.31,35.55,87.97,30.4,28.92,138.09,57.41,83.98,102.63,55.76,63.88,33.83,177.75,196.37,33.4,42.39,65.31,67.61,36.76,153.89,89.18,47.44,14.02,21.37,38.93,131.31,102.6,79.66,15.2,9.32,11.43,176.1,127.25,10.85,75.36,71.34,28.89,91.84,186.84,112.9,,34.24,247.44,135.5,37.3,22.93,117.23,95.68,539.32,31.65,89.17,69.74,26.96,71.07,77.51,40.94,101.58,31.18,65.54,27.25,71.05,12.84,28.11,124.92,26.09,15.14,68.37,71.38,41.21,84.35,124.48,78.75,,42.04,55.41,48.05,86.04,49.0,,24.79,27.35,215.47,37.04,74.89,25.16,86.98,120.64,12.52,51.4,105.62,65.17,54.58,141.0,28.04,97.04,13.9,84.63,117.69,195.3,76.68,51.87,104.77,46.82,332.73,21.62,46.85,14.77,54.83,90.14,,189.45,92.73,44.44,64.39,147.48,99.21,31.68,27.24,68.03,71.97,56.47,27.6,116.63,44.8,17.65,13.36,13.83,102.3,46.18,129.8,18.89,63.54,84.08,71.15,189.01,20.41,59.04,11.07,39.73,32.895,1650.0,85.28,253.73,66.14,57.46,74.39,21.85,36.42,,,45.77,60.92,45.79,94.18,52.6,38.53,36.08,15.55,48.64,16.02,98.62,51.55,32.46,86.62,80.62,62.96,115.71,94.46,80.35,97.23,33.38,44.17,78.95,31.12,41.9,80.05,37.73,33.53,250.64,17.77,72.89,53.35,19.97,48.76,71.07,110.61,59.1,93.61,51.08,67.4,532.55,9.39,43.85,52.91,45.51,100.75,25.78,185.16,53.81,99.06,95.16,77.29,101.385,67.95,34.7,42.79,94.17,87.02,261.09,151.65,191.84,78.42,123.0,168.47,27.85,46.23,43.37,104.58,59.54,65.77,71.18,91.42,119.77,29.73,44.73,40.86,38.98,70.39,35.0,32.7,71.71,63.61,87.99,130.96,20.99,232.56,55.82,41.31,137.55,69.61,84.76,53.14,226.03,110.94,21.5,37.28,22.14,177.05,53.17,42.59,36.48,186.49,80.97,,75.49,58.05,117.41,96.89,69.05,119.14,71.11,54.04,86.81,75.97,45.9,120.56,62.35,,77.17,97.45,95.39,71.83,59.55,84.89,52.81,130.61,50.39,54.02,65.46,60.74,59.06,44.48,29.69,146.58,22.0,,65.76,35.41,36.14,73.4,67.6,100.23,26.77,47.34,
2015-12-18,146.92,76.21,43.7,55.74,87.6,101.93,38.47,35.0,91.31,83.28,149.57,9.06,58.29,40.1,59.6,127.85,52.32,79.95,51.18,90.5,64.16,64.65,62.46,61.33,756.85,739.31,57.13,664.14,,2.45,43.2,41.09,56.28,67.87,94.6,59.55,103.08,101.88,52.95,158.8,51.64,55.17,90.6,137.75,90.99,42.69,106.03,18.1,83.51,70.27,79.09,33.6,62.81,59.52,741.88,178.21,62.06,,69.81,16.76,95.77,36.65,153.12,52.72,129.53,29.04,135.01,88.14,293.37,321.47,40.22,139.58,1285.67,40.82,127.08,18.19,67.64,140.2,53.55,31.25,,62.36,21.0,10.31,52.21,72.47,86.61,53.49,52.41,,25.17,65.11,64.52,33.95,42.41,65.17,64.75,17.43,,59.02,41.61,77.82,31.91,178.29,89.81,541.08,113.69,83.22,143.97,57.97,88.5,26.27,51.21,25.9,74.71,127.05,92.55,35.61,42.5,58.86,65.57,56.4,40.54,40.59,45.93,63.29,138.57,,135.69,38.11,18.0,,157.7,15.49,84.82,25.2,85.21,94.86,30.75,91.23,62.5,67.79,74.97,49.96,59.63,28.67,82.11,66.16,74.8,52.44,26.22,24.98,57.16,107.72,71.54,76.09,66.9,108.84,58.5,,78.88,69.6,20.83,63.4,,66.56,49.74,27.46,112.62,59.66,78.23,68.98,44.59,3.01,66.26,71.43,78.91,109.63,289.35,79.9,235.47,87.41,8.62,181.11,,50.45,26.9,125.36,45.21,87.66,77.28,97.63,156.26,39.09,147.24,147.15,19.735,64.98,31.01,58.52,91.46,140.32,37.93,13.8,31.22,,53.76,,,35.0,6.21,40.08,35.26,88.94,30.28,28.46,136.71,56.94,83.58,101.6,55.36,63.8,33.67,175.49,193.93,33.44,42.11,65.83,64.47,36.28,152.14,88.76,48.5,14.16,21.46,38.58,130.29,101.83,78.79,15.33,9.23,11.51,175.38,125.45,10.82,75.08,69.96,29.24,90.92,181.94,113.23,,33.865,244.58,134.9,36.8,22.68,115.88,95.57,534.18,30.74,88.56,69.52,26.77,70.62,77.53,40.78,101.95,30.84,64.4,28.68,70.78,12.67,28.01,123.54,25.78,15.14,66.86,70.67,40.64,82.71,121.76,77.04,,41.53,55.96,47.49,84.77,48.67,,24.68,27.31,212.18,36.68,73.89,25.11,87.53,120.03,12.47,50.35,104.88,65.11,54.51,139.91,27.88,96.29,14.33,83.68,116.66,193.4,76.31,51.64,104.04,46.45,331.06,21.17,46.09,14.36,54.13,89.86,,188.02,92.55,43.3,63.15,145.84,97.46,31.29,28.54,67.58,71.52,55.93,27.6,118.02,44.71,17.71,13.18,13.62,102.11,45.64,128.52,18.96,63.64,84.27,70.06,184.86,20.21,56.86,10.37,38.87,32.14,1656.56,84.1,251.38,65.96,57.25,73.62,18.93,36.35,,,45.16,59.86,45.66,93.62,52.45,37.77,34.98,15.26,48.21,15.9,97.9,50.87,31.99,86.92,80.56,62.85,121.28,93.75,79.69,96.29,33.64,43.82,78.13,30.83,41.69,79.55,37.48,33.71,248.74,17.33,73.29,51.63,19.86,47.43,69.48,111.66,58.1,92.34,51.08,67.05,544.23,9.35,43.58,54.0,44.95,99.62,26.17,183.32,52.95,95.9,93.86,77.03,100.42,67.34,34.1,42.69,94.41,85.73,256.23,151.19,190.52,76.38,121.55,166.69,26.95,46.2,42.74,104.56,58.62,64.73,71.03,91.26,118.82,29.51,44.77,40.55,37.89,69.91,34.76,31.99,71.37,62.75,87.04,130.67,20.64,230.46,54.94,41.01,134.51,69.32,85.71,52.62,219.9,110.13,21.54,37.23,22.99,176.74,52.55,42.36,36.36,184.94,80.87,,75.43,56.92,115.82,98.0,67.18,114.96,70.03,53.92,86.44,75.1,45.56,116.51,62.01,,76.32,97.5,93.84,68.89,58.85,82.51,52.73,129.52,50.24,53.79,65.25,60.62,58.86,44.09,29.51,142.27,21.54,,63.4,35.6,35.84,71.84,64.41,98.96,26.71,46.6,
2015-12-17,148.85,76.51,45.26,56.38,85.67,103.26,38.87,34.29,94.2,84.81,153.07,9.2,60.38,40.78,60.13,130.36,52.59,81.13,52.42,90.86,64.77,65.62,63.71,62.37,769.83,749.43,58.43,670.65,,2.56,44.03,42.46,57.42,69.57,96.09,59.29,105.1,102.34,53.55,161.43,52.73,56.12,91.36,139.01,93.27,42.95,108.98,18.06,83.46,72.86,80.89,34.03,63.14,60.74,755.31,178.98,63.07,,70.52,17.3,96.58,37.54,155.91,53.69,133.97,29.8,137.74,89.62,297.17,330.21,41.26,145.56,1313.74,41.07,130.02,18.6,69.28,140.48,53.87,31.66,,64.2,21.34,10.57,53.14,74.38,87.96,57.15,50.46,,26.36,64.9,65.04,35.38,42.69,65.92,61.86,17.84,,60.38,41.24,79.38,33.21,183.03,90.54,554.89,115.6,85.24,143.0,59.65,90.52,26.72,52.84,26.48,77.66,131.34,94.97,36.2,43.49,60.42,67.33,57.405,42.31,40.63,47.28,64.22,139.89,,136.44,38.38,18.09,,160.68,15.35,85.66,25.6,85.96,94.71,31.52,91.89,58.39,68.12,76.91,51.03,60.26,28.98,81.73,68.75,73.87,53.88,26.48,25.38,58.14,112.01,71.54,76.58,67.54,109.37,59.46,,79.95,70.5,21.12,65.23,,66.8,50.13,28.05,115.3,60.9,80.99,71.12,45.0,3.16,67.23,73.3,82.07,113.2,293.41,80.58,238.63,89.21,9.59,181.91,,51.72,26.6,128.67,46.31,88.38,77.96,98.94,161.6,39.99,148.46,151.84,20.285,66.52,31.53,59.88,92.91,142.79,37.54,13.98,31.42,,55.3,,,35.45,6.12,41.26,35.52,90.49,30.55,29.14,138.16,57.23,85.87,102.36,56.99,64.18,34.11,182.61,194.85,34.18,43.31,66.39,64.74,37.24,155.2,89.83,49.2,14.31,22.12,38.4,131.35,102.31,79.49,15.75,9.15,11.9,176.88,126.99,11.12,76.19,69.83,29.55,92.55,181.25,114.81,,34.91,248.37,136.75,37.72,22.49,118.09,97.87,539.07,31.19,90.12,69.86,27.16,72.58,77.22,41.6,103.64,31.28,66.28,29.11,71.61,13.0,28.46,125.84,26.21,15.37,68.05,71.92,41.94,83.12,121.68,78.7,,41.82,57.18,48.68,86.22,50.24,,24.97,27.99,215.22,36.96,74.9,25.4,87.69,124.74,12.78,51.32,107.92,66.03,55.78,142.74,28.37,99.33,14.28,84.79,117.5,190.02,77.9,52.66,106.22,47.47,332.06,21.45,46.44,14.32,55.7,90.35,,193.34,93.72,44.36,63.22,150.29,97.88,32.38,28.84,68.56,70.89,56.08,28.3,122.51,44.82,17.61,13.36,13.75,103.41,46.25,130.22,19.28,64.22,85.06,71.97,188.31,20.16,57.11,9.52,38.47,32.67,1653.99,84.58,254.35,66.42,60.11,73.67,19.86,36.93,,,45.44,61.96,46.52,95.19,53.35,37.91,35.54,15.44,49.58,16.26,100.2,51.94,32.33,89.08,81.78,63.59,130.51,95.68,81.02,98.24,33.92,45.23,80.29,31.48,42.0,81.85,38.11,33.94,247.56,17.75,74.09,52.75,19.86,47.54,68.85,112.75,58.96,93.87,51.0,67.73,551.49,9.73,43.84,55.19,45.81,100.02,26.51,184.6,53.86,93.95,95.32,78.43,101.01,69.2,33.92,43.07,95.95,87.27,263.2,154.7,193.47,77.8,123.64,170.45,26.08,46.51,43.51,107.54,59.515,66.4,73.57,92.71,122.53,30.01,45.22,41.25,39.2,71.01,35.85,32.64,72.33,63.39,88.18,131.86,20.62,233.39,56.53,41.42,138.16,70.65,85.87,53.42,219.68,113.27,21.93,37.83,23.31,177.82,52.88,43.83,36.57,185.43,81.27,,77.33,57.32,119.22,100.0,66.9,116.12,71.68,54.81,87.85,76.91,46.1,117.94,62.46,,78.69,99.43,94.7,70.32,58.98,83.34,53.28,131.3,51.26,55.47,66.01,62.05,59.4,44.87,30.64,147.03,23.7,,64.27,36.4,36.46,72.2,66.45,100.71,27.76,46.73,
2015-12-16,149.95,78.16,46.05,57.63,86.54,109.08,39.21,35.4,95.56,86.2,160.82,9.37,61.7,41.43,60.93,132.21,53.275,82.75,51.83,90.96,65.76,66.46,60.76,63.38,776.59,758.09,58.95,675.77,,2.54,43.0,43.2,57.01,70.71,97.5,58.79,107.56,101.59,54.35,164.58,52.87,57.53,91.73,137.78,96.92,44.8,111.34,18.5,85.76,71.6,82.55,34.4,63.26,61.93,764.69,180.92,64.56,,71.63,17.75,98.35,37.83,155.89,54.33,135.88,30.7,137.13,90.62,299.29,331.0,42.7,148.11,1332.31,42.12,130.15,18.88,70.71,143.88,54.44,32.16,,64.27,21.77,9.88,53.72,76.36,88.22,58.66,52.2,,26.54,67.72,66.01,36.28,43.79,67.26,61.37,17.6,,61.155,41.43,79.55,33.81,183.31,93.44,567.83,116.9,85.54,141.19,60.65,91.24,27.235,53.9,26.91,79.17,131.12,95.52,36.23,43.84,62.42,68.33,58.7,43.26,40.8,49.35,64.22,142.96,,138.26,38.69,18.52,,162.76,15.39,85.97,26.43,87.36,97.56,32.26,94.13,59.29,68.13,78.19,52.12,60.45,30.57,82.02,72.36,72.56,54.91,27.18,26.11,59.165,113.79,71.83,78.865,67.57,109.22,61.45,,80.89,70.03,21.1,66.23,,68.52,51.99,28.57,117.89,60.85,81.57,72.04,46.1,3.34,67.13,75.8,81.7,112.95,295.49,80.83,240.18,89.26,9.79,181.86,,51.15,26.44,131.16,47.14,88.68,79.15,100.5,161.8,40.29,148.65,148.83,20.83,68.52,31.64,62.03,93.64,144.25,38.68,14.36,31.95,,56.07,,,36.16,6.69,42.53,36.44,90.85,30.98,29.96,139.64,59.19,87.14,103.34,58.27,65.69,35.14,186.21,196.79,35.86,44.58,69.21,65.46,37.15,154.9,91.42,50.92,14.7,22.45,38.99,132.9,104.08,79.84,16.02,9.24,12.26,176.36,128.57,11.33,76.91,69.82,29.44,93.97,186.92,117.79,,35.3,247.72,139.29,38.58,22.83,120.95,99.05,545.13,31.9,90.53,68.73,27.5,73.99,77.74,42.57,105.25,32.22,67.53,29.4,71.97,13.37,28.37,125.92,26.42,15.94,69.075,73.01,42.43,83.56,122.02,80.25,,43.4,57.61,50.49,86.29,51.94,,25.47,28.73,217.5,37.76,76.13,26.12,88.93,126.42,13.78,49.7,109.22,67.16,57.33,147.67,29.43,100.04,14.68,86.42,117.84,190.72,78.57,54.02,106.79,48.7,340.7,22.08,47.11,14.07,56.13,91.35,,199.85,94.16,44.845,63.78,153.31,99.32,33.61,30.09,69.52,71.48,56.89,28.94,122.64,45.18,19.08,13.67,14.08,103.65,46.98,130.93,19.31,64.87,89.79,74.05,189.75,20.47,59.79,9.64,38.66,33.17,1666.23,85.92,257.64,68.87,61.08,74.73,20.88,38.91,,,46.72,65.06,47.5,98.72,54.06,38.65,35.98,15.61,51.78,16.53,101.08,52.62,32.58,90.15,83.06,63.62,134.4,97.0,83.31,100.22,33.83,46.73,80.99,31.77,42.32,84.19,38.3,34.38,249.84,18.02,75.84,53.23,20.71,48.07,68.76,115.86,58.92,95.13,51.23,67.91,559.67,9.94,44.3,56.13,46.71,103.38,26.75,186.42,54.93,97.14,96.52,78.89,103.89,71.22,34.78,43.82,96.25,87.39,269.52,157.35,193.34,78.97,124.07,171.26,25.75,46.33,44.8,109.4,60.35,68.61,74.1,93.93,124.84,30.53,45.72,41.54,39.13,72.13,36.23,33.33,73.8,64.19,89.47,132.0,20.35,234.51,58.07,42.61,140.45,71.85,88.09,54.36,221.34,114.54,22.38,38.33,24.3,178.07,53.85,44.36,37.28,187.27,83.11,,78.91,58.87,118.83,100.51,69.23,116.75,70.2,55.72,90.01,78.82,46.51,118.53,63.59,,79.86,100.16,97.55,71.15,60.3,84.71,53.93,133.73,51.22,55.85,66.24,62.64,60.96,44.92,30.87,153.1,25.81,,68.99,36.42,37.46,73.54,70.2,101.93,28.21,47.09,
2015-12-15,148.13,77.75,45.59,56.39,84.43,106.72,38.71,34.86,94.02,85.47,156.17,9.25,60.92,40.81,59.94,131.5,51.755,82.13,48.68,89.65,65.84,65.43,59.31,62.7,760.09,743.4,57.34,658.64,,2.36,41.94,42.595,56.04,70.15,95.61,57.19,105.88,101.69,53.33,162.615,52.43,56.55,90.97,135.02,96.69,45.27,110.49,18.46,83.67,71.81,81.85,33.81,61.59,61.09,761.3,176.87,63.3,,71.14,17.42,96.97,37.26,153.29,54.22,134.88,30.04,136.68,89.02,289.11,329.54,42.04,146.53,1323.73,40.78,127.01,18.66,70.22,143.27,53.66,32.41,,62.61,21.61,9.62,53.21,75.37,86.68,58.67,52.16,,26.3,66.75,67.39,35.57,43.13,66.53,58.72,16.89,,60.42,40.81,78.6,33.18,178.25,92.76,554.86,115.8,84.52,140.64,59.75,90.34,26.85,52.52,26.54,78.35,129.14,95.15,35.22,43.07,60.51,66.76,57.75,42.96,39.61,50.56,62.67,139.28,,136.51,38.71,17.87,,161.29,15.03,85.8,26.29,87.1,92.59,31.46,92.56,59.0,68.02,77.25,51.15,59.94,31.87,79.18,76.51,70.58,53.87,26.52,25.475,58.09,112.16,70.96,77.34,66.15,109.93,62.11,,79.12,68.84,20.66,66.5,,67.22,50.58,28.31,115.07,59.63,80.03,72.33,45.22,2.41,65.22,77.3,81.47,109.24,290.02,79.32,235.0,87.48,9.51,183.7,,49.72,25.65,130.24,46.57,87.0,79.43,99.75,162.59,39.83,146.0,144.69,20.52,67.46,31.13,61.62,93.93,141.49,37.89,13.87,30.59,,55.47,,,35.6,6.52,43.56,35.51,89.73,30.32,29.82,138.04,58.55,86.1,101.97,57.86,71.42,34.54,182.01,194.58,37.1,44.0,69.19,65.66,36.25,153.43,89.35,51.73,14.56,21.34,38.5,131.29,98.47,78.01,15.87,9.12,12.21,175.66,126.96,11.23,76.22,69.2,29.57,92.24,186.28,114.725,,35.18,250.0,137.79,38.16,22.39,118.18,97.98,537.06,31.34,90.32,68.93,26.72,72.96,78.13,42.15,104.13,31.84,66.1,29.18,71.51,13.13,28.36,124.44,25.86,15.84,68.88,72.01,42.31,82.9,122.75,79.93,,41.49,57.05,49.22,85.52,51.3,,24.9,28.54,214.84,37.41,74.9,25.34,88.05,124.26,14.46,49.16,108.0,66.62,56.42,145.1,28.81,98.43,14.08,84.74,116.93,187.15,77.1,52.9,104.55,47.57,336.18,21.15,46.07,14.18,55.2,90.04,,193.69,93.72,44.02,64.06,152.58,98.66,32.84,29.47,69.13,70.33,56.77,28.57,118.6,44.13,18.4,13.46,13.805,98.72,46.08,128.61,18.71,63.6,91.02,72.68,187.84,20.18,58.5,9.28,40.17,32.97,1658.69,83.92,250.77,68.44,59.24,73.98,21.34,38.21,,,47.88,64.22,46.83,95.69,53.08,38.66,36.32,15.11,50.84,16.32,99.39,51.39,32.26,87.84,81.78,62.06,144.58,94.84,81.49,98.55,33.26,45.77,79.68,30.95,41.56,83.06,37.11,34.23,246.81,17.39,76.35,51.69,20.32,48.02,68.58,114.54,58.04,93.26,49.94,66.52,556.45,9.77,43.62,55.71,46.53,101.54,26.01,183.14,54.075,94.29,95.12,77.37,102.59,71.84,34.25,42.71,92.8,85.6,263.39,155.55,189.7,77.78,122.04,168.78,21.99,45.41,44.22,107.51,59.98,67.41,71.97,92.44,122.93,30.08,45.23,41.14,38.16,71.37,36.0,32.34,72.98,63.27,87.83,130.71,20.26,221.09,57.55,41.37,137.49,70.45,87.18,53.5,217.68,113.18,21.8,37.68,23.95,175.28,53.95,43.67,36.61,185.42,81.52,,76.41,57.9,117.61,98.9,67.58,118.31,68.31,54.48,89.97,77.19,45.55,117.28,62.72,,78.62,98.33,95.55,70.07,59.64,82.11,53.34,131.61,49.92,54.91,64.61,61.87,60.88,43.57,30.1,145.04,25.84,,66.04,35.57,36.7,72.61,70.0,101.06,27.91,46.97,
2015-12-14,157.63,77.45,44.81,55.44,80.7,106.36,37.96,34.18,93.26,84.6,147.61,8.83,59.54,40.25,58.42,128.96,51.08,82.15,47.76,88.73,65.04,64.91,58.79,61.39,762.54,747.77,57.52,657.91,,2.34,41.8,41.77,54.54,68.83,94.04,56.72,104.96,102.53,53.42,158.11,52.83,56.82,90.11,135.53,94.08,43.49,112.48,18.05,82.15,70.38,81.43,33.6,60.86,60.74,760.5,174.32,62.82,,70.85,16.8,97.21,36.53,153.19,54.4,132.02,29.9,134.36,89.07,282.39,319.6,40.39,143.0,1297.88,39.97,125.34,18.39,68.64,142.51,53.18,31.91,,61.68,21.19,9.66,53.25,73.31,86.52,57.86,50.79,,25.82,66.12,66.84,34.69,42.68,65.04,56.8,16.54,,59.94,40.07,76.35,32.25,174.81,89.33,558.16,114.1,83.99,140.69,58.98,89.91,26.49,51.1,25.72,75.46,126.47,94.69,35.03,42.45,59.76,65.85,57.37,41.21,39.29,49.53,62.04,137.69,,134.82,38.32,18.07,,161.84,15.65,85.2,25.29,86.83,94.11,31.15,93.37,58.59,68.07,78.94,50.18,59.68,31.54,82.96,75.61,70.68,52.55,26.45,25.35,57.59,109.35,71.01,77.71,65.4,109.38,62.05,,78.47,68.45,20.39,67.92,,66.7,50.38,28.035,113.64,59.31,80.53,69.66,44.99,2.23,65.44,76.86,79.22,108.4,293.55,78.19,232.86,85.55,9.03,184.18,,49.19,25.46,124.3,46.75,86.2,76.03,96.31,169.31,39.9,144.18,143.69,19.85,65.8,30.98,61.11,93.43,139.31,37.06,13.62,30.42,,55.64,,,35.12,6.46,42.79,34.8,88.46,30.26,30.38,139.19,58.43,86.15,100.49,57.28,70.33,34.39,176.4,194.13,36.55,43.22,69.19,65.46,35.88,153.8,89.91,50.12,14.44,21.28,37.49,132.01,98.98,77.98,15.71,9.0,12.16,174.89,126.41,10.84,76.07,68.82,28.95,92.89,174.66,109.41,,34.47,245.58,135.93,37.57,22.47,116.32,96.3,528.75,30.39,88.25,68.14,26.13,73.56,77.83,41.7,102.15,31.77,64.27,28.77,71.08,12.7,27.86,122.65,25.28,16.0,67.63,70.975,41.86,81.91,119.68,77.56,,40.42,55.6,48.61,84.68,50.37,,24.75,28.45,216.58,36.77,75.65,24.38,85.72,120.87,13.96,47.99,108.27,66.43,54.97,142.62,29.22,96.3,13.63,84.59,116.26,190.58,76.65,52.2,104.66,46.42,334.45,20.81,44.61,13.66,55.14,89.54,,191.76,91.91,43.32,62.9,151.91,96.78,31.88,28.7,68.14,69.62,56.08,28.67,120.67,42.15,18.35,13.26,13.64,97.98,44.78,127.86,18.84,63.74,89.35,70.03,187.07,19.54,59.46,9.2,40.14,32.57,1667.0,83.44,251.73,66.65,58.31,74.09,20.6,37.65,,,47.51,63.79,46.34,95.49,52.78,37.46,35.01,14.83,52.25,15.99,97.95,51.01,32.18,87.16,81.4,61.45,141.11,92.77,80.23,97.73,32.77,44.99,78.29,30.77,41.29,80.69,37.46,34.16,249.09,17.18,76.21,52.48,19.84,46.83,67.46,113.04,56.32,93.03,49.34,65.68,539.94,9.36,43.07,55.66,45.99,103.34,25.92,184.12,54.41,92.27,94.41,76.99,101.76,70.02,33.67,42.17,91.9,83.57,263.34,151.13,185.97,78.505,120.17,168.34,20.97,44.95,43.77,108.73,59.92,65.73,71.65,91.41,118.81,29.68,45.43,41.21,36.52,70.04,35.19,31.09,72.72,62.67,86.68,128.79,19.94,218.58,56.22,41.25,135.41,70.93,88.22,54.16,218.08,111.03,21.81,36.91,24.92,174.7,52.71,42.43,36.5,185.54,83.16,,76.88,57.3,115.85,97.87,66.13,116.16,67.55,54.43,88.86,76.13,45.45,115.7,62.43,,76.87,97.65,94.69,69.21,60.39,82.56,51.83,129.68,49.54,53.2,63.54,61.42,59.375,44.15,30.01,144.03,25.57,,62.77,35.29,36.64,71.65,68.77,99.49,26.95,46.59,
2015-12-11,154.83,76.45,44.36,54.04,82.98,105.3,37.22,34.22,91.42,83.33,148.85,8.97,59.71,40.19,59.46,130.48,51.81,82.77,47.95,88.75,65.09,64.59,58.59,61.47,750.42,738.87,56.46,640.15,,2.36,41.72,42.09,54.56,68.86,93.68,56.72,105.15,102.08,52.91,155.15,52.61,56.93,89.76,135.78,93.3,42.92,113.18,18.32,82.0,67.54,82.29,33.17,60.81,61.1,755.88,174.92,62.94,,71.34,16.73,96.56,36.84,151.68,53.94,130.31,29.79,135.36,88.19,283.46,322.78,40.77,144.62,1285.33,39.82,123.26,18.1,67.62,144.42,52.67,32.02,,62.0,21.09,10.0,52.99,73.68,85.9,57.48,50.69,,25.97,65.43,65.34,34.57,42.82,65.44,56.87,16.69,,60.0,41.11,76.4,31.77,178.02,86.44,565.0,113.08,83.85,140.08,59.14,89.9,26.16,51.11,25.61,75.08,125.92,92.15,34.86,42.27,58.3,65.21,57.97,41.76,39.31,48.13,60.81,138.3,,135.2,38.28,18.68,,160.02,16.1,84.82,25.72,87.61,93.24,31.95,93.02,57.77,69.71,77.16,49.28,59.79,33.55,81.77,76.56,69.96,52.75,27.37,26.25,59.0,108.04,70.35,76.45,64.89,108.64,61.74,,78.33,67.84,20.52,70.44,,67.47,50.87,27.965,112.39,59.23,159.71,67.17,45.48,2.1,65.66,74.89,78.57,107.78,289.94,77.55,230.81,84.5,8.86,182.96,,48.91,25.94,123.21,46.6,85.27,74.34,97.56,168.14,39.47,142.27,144.26,19.71,65.53,31.46,61.2,91.74,139.81,38.01,13.64,30.54,,55.3,,,36.18,6.9,43.41,35.45,87.99,30.26,30.8,137.84,58.1,85.25,100.03,58.48,69.69,34.55,176.56,190.83,36.96,43.87,68.37,66.3,35.59,153.18,87.43,50.43,14.18,21.8,38.12,130.44,98.23,77.44,15.81,8.86,12.21,172.78,126.58,10.82,75.73,68.45,29.33,91.46,174.82,106.5,,34.27,243.95,134.57,38.13,22.39,116.12,96.12,523.47,31.42,88.29,67.35,26.75,73.17,77.4,41.87,101.68,32.46,64.07,28.62,70.13,12.74,28.64,119.2,25.13,16.66,67.87,69.69,41.08,82.39,121.17,78.89,,41.26,55.68,48.91,83.29,50.62,,24.7,28.14,217.2,36.92,75.01,24.91,85.58,120.41,14.34,49.62,106.65,66.85,54.89,142.09,28.96,94.83,13.84,83.85,116.08,190.21,76.65,52.15,102.12,47.12,330.38,21.05,44.64,14.04,54.06,88.42,,190.39,92.68,42.73,63.38,149.74,95.73,32.08,29.37,68.61,68.8,54.86,29.06,118.91,45.28,19.13,13.32,13.66,97.41,45.46,126.29,18.66,63.54,89.44,70.11,186.02,19.65,58.47,10.14,39.99,32.49,1660.0,83.28,248.93,66.03,59.04,74.2,20.31,37.21,,,47.25,65.09,46.84,95.56,52.25,37.72,34.69,15.62,51.73,15.99,97.78,50.28,32.06,86.32,82.78,61.53,139.99,92.37,80.16,98.73,32.71,45.23,77.78,30.29,41.41,80.69,37.02,34.12,241.97,17.64,76.17,56.19,19.83,47.46,67.48,112.98,56.61,93.3,48.65,65.23,534.51,9.37,43.22,55.31,46.55,101.58,26.39,183.27,53.56,91.91,92.67,76.87,101.08,69.82,35.98,42.82,91.28,83.49,261.88,151.44,184.6,81.43,120.58,167.13,19.9,44.4,43.42,107.0,59.82,66.12,72.35,92.2,119.64,29.97,44.97,40.91,36.0,70.8,35.01,30.38,71.84,63.0,86.84,128.67,20.22,217.02,56.21,40.86,134.2,70.56,87.9,54.56,223.36,109.76,21.94,36.81,24.84,174.24,52.52,42.22,35.91,182.47,82.56,,77.28,57.03,115.98,97.46,67.56,119.49,67.51,54.38,89.04,75.05,44.82,117.64,61.81,,76.11,96.6,94.28,70.12,59.36,81.71,51.34,129.49,48.56,53.31,63.21,61.58,62.08,45.76,30.48,146.1,26.42,,63.13,34.94,36.22,71.3,72.53,98.96,27.36,45.83,
2015-12-10,157.52,78.08,45.31,55.78,84.63,107.6,38.38,35.09,88.96,85.46,151.76,9.28,61.09,41.25,60.98,132.51,53.7,84.36,49.21,88.71,65.03,65.39,58.81,62.48,760.04,749.46,57.18,662.32,,2.45,41.71,44.09,54.88,70.11,95.07,56.77,108.79,101.95,54.08,159.67,53.56,57.15,91.03,134.84,93.83,46.19,116.17,18.75,84.42,70.5,84.11,33.67,61.14,63.24,777.69,173.78,63.7,,71.89,17.2,97.86,37.28,154.35,54.57,131.71,30.32,137.01,90.46,289.88,345.25,42.27,146.41,1306.5,41.12,122.92,18.44,68.94,147.33,52.86,32.17,,61.51,21.14,10.15,53.64,75.61,87.14,58.65,50.96,,26.29,66.38,64.51,35.18,43.855,66.04,57.47,16.14,,60.11,42.24,75.56,33.26,183.64,89.3,575.43,114.73,84.94,139.23,59.99,91.54,26.77,52.65,26.3,76.84,126.87,94.92,34.87,42.76,60.37,66.13,59.67,42.63,40.32,49.22,61.15,139.98,,134.94,38.86,17.69,,161.86,17.68,85.42,24.7,90.16,94.74,32.35,94.65,57.75,71.0,78.6,51.28,60.87,35.51,84.96,79.09,70.38,54.27,28.39,27.19,60.13,110.76,71.14,77.81,65.2,109.34,63.78,,78.92,67.43,20.51,74.55,,69.41,52.14,28.57,115.96,59.02,163.57,66.37,46.97,2.15,65.71,78.18,81.57,110.97,295.65,77.21,229.43,86.86,9.24,184.39,,48.86,26.48,125.61,46.89,84.92,75.69,99.06,170.48,40.15,141.68,148.49,20.065,66.99,31.55,62.88,93.63,146.76,39.48,13.96,31.8,,55.14,,,38.47,7.36,43.45,37.12,89.94,30.65,30.97,140.0,58.78,87.57,102.62,59.58,71.45,35.63,182.11,194.47,38.15,45.0,68.22,68.43,35.2,154.79,86.77,52.48,14.72,22.09,37.77,132.54,101.76,77.03,16.13,9.17,12.36,172.02,128.48,11.09,76.5,69.05,29.9,93.29,182.65,110.2,,34.77,252.46,136.78,38.76,23.29,118.31,96.99,526.04,32.79,89.09,67.92,26.84,73.79,77.93,42.75,102.64,32.96,65.61,28.86,70.73,13.01,29.0,120.33,25.22,17.01,68.49,70.84,41.13,83.19,122.59,80.03,,42.8,57.1,49.78,84.91,52.73,,24.61,28.65,218.88,37.8,76.17,25.99,87.5,122.65,14.74,52.35,109.18,68.23,55.98,143.65,29.25,97.61,13.92,85.18,117.2,190.48,77.44,53.69,105.42,48.87,333.63,22.06,45.35,14.66,55.27,87.8,,190.7,93.39,43.98,64.505,151.83,99.53,33.42,30.07,69.37,69.95,55.96,30.19,122.91,47.22,19.43,13.75,14.11,97.6,45.7,128.64,19.04,68.39,87.68,72.13,187.46,19.94,58.53,10.47,41.03,32.98,1661.07,88.46,256.43,68.42,61.13,75.44,22.3,38.19,,,48.88,65.25,48.53,98.0,53.11,38.68,35.49,15.82,53.27,16.23,98.9,50.38,32.36,87.73,86.75,61.21,145.39,94.35,81.33,100.88,32.93,47.43,77.79,30.69,41.99,83.79,37.43,34.68,240.9,18.16,77.21,57.5,20.42,48.57,68.19,115.85,57.95,93.87,48.94,65.01,548.17,9.61,44.14,55.68,47.53,103.7,27.02,186.52,54.15,94.23,95.06,79.38,104.65,71.48,36.22,43.5,92.52,86.94,266.54,153.57,185.03,84.89,122.01,169.69,19.56,44.49,45.25,108.57,61.87,69.05,73.39,92.93,125.49,31.05,45.5,41.11,36.34,73.34,35.42,31.12,72.37,64.07,88.04,129.51,20.4,227.07,56.93,41.6,135.13,71.48,88.85,54.89,230.72,110.99,22.43,37.56,25.91,174.07,53.41,43.18,35.7,183.11,85.67,,77.45,59.53,116.21,100.45,71.04,121.11,71.38,53.63,90.87,76.27,45.32,121.87,62.95,,78.12,96.9,95.63,72.2,59.56,83.42,52.02,130.25,48.56,54.34,62.81,63.04,63.35,46.91,30.93,149.17,29.68,,66.46,34.79,36.7,73.19,75.89,99.97,28.2,46.1,
2015-12-09,156.05,77.3,44.96,56.03,82.78,107.29,38.59,35.41,89.56,84.95,153.21,9.26,61.26,40.98,62.18,133.85,53.27,83.51,50.02,89.23,64.84,65.18,60.28,62.9,762.55,751.61,57.33,664.79,,2.35,42.58,43.65,56.25,69.86,95.54,57.91,108.83,100.67,54.0,157.89,53.89,56.65,90.58,132.46,94.23,44.95,115.62,19.03,84.4,71.84,84.09,33.57,62.56,63.25,783.81,177.12,63.62,,68.84,17.1,97.64,36.77,152.87,54.65,131.71,30.52,135.47,90.4,284.61,344.57,42.4,144.24,1294.99,41.27,123.51,18.48,68.56,145.65,52.57,32.26,,60.55,21.11,10.23,53.53,75.42,87.51,58.86,50.31,,25.61,65.91,64.26,35.33,43.51,67.04,57.52,16.41,,60.0,43.12,74.43,32.97,185.31,87.6,548.01,114.89,85.95,137.12,60.22,91.23,26.73,52.81,26.1,76.55,127.73,94.05,35.26,42.66,60.33,66.08,58.59,42.49,40.4,48.47,63.02,140.18,,131.6,38.81,17.75,,159.72,17.37,85.4,25.01,89.92,94.98,31.84,94.47,58.09,70.86,79.24,49.51,60.89,35.32,85.25,77.02,71.48,54.08,28.45,27.29,59.85,111.47,71.0,78.45,66.19,109.1,63.4,,80.21,68.61,20.38,74.49,,70.89,52.67,28.34,116.95,59.4,162.01,67.09,47.14,2.22,68.04,78.38,82.02,109.91,298.24,77.57,230.22,86.24,9.43,185.39,,50.84,26.57,125.02,46.29,85.62,75.63,100.34,168.63,40.22,144.23,147.05,19.76,66.9,32.05,63.45,93.18,146.0,40.49,13.89,32.71,,54.2,,,38.51,6.99,43.2,37.37,89.72,30.47,30.2,140.17,58.58,87.27,101.95,59.53,69.63,35.45,180.71,193.12,38.3,45.14,68.41,67.38,35.95,155.15,86.61,51.97,14.85,21.74,37.49,131.9,101.89,77.01,15.87,8.74,12.11,170.73,128.66,11.06,76.49,69.01,29.5,92.39,178.85,108.21,,34.81,252.28,136.61,39.4,23.15,120.72,97.72,513.65,32.37,89.67,66.69,27.07,74.21,77.68,42.77,102.15,33.25,65.46,29.03,70.6,12.85,28.94,120.28,25.48,16.81,67.58,70.9,41.25,83.34,122.88,78.32,,43.7,56.47,49.28,83.86,52.22,,24.53,28.67,217.54,37.2,76.12,26.38,88.83,120.98,14.5,51.98,109.51,68.02,55.55,144.46,29.3,97.82,13.55,86.17,116.58,187.06,77.56,52.82,104.6,48.59,331.53,22.06,45.51,14.32,54.98,87.62,,190.23,93.72,43.65,64.55,152.0,99.34,33.37,30.84,69.31,69.42,56.46,30.12,124.2,46.52,19.6,13.5,13.82,98.76,45.09,128.84,19.26,69.15,87.55,72.48,186.55,20.01,57.03,10.55,40.0,32.71,1632.99,86.24,257.72,67.95,61.02,75.01,22.2,38.58,,,48.84,65.79,48.36,97.68,52.99,37.87,35.07,15.7,52.5,16.18,99.13,50.25,32.29,88.02,86.09,63.12,143.1,93.56,80.22,101.55,33.43,47.23,77.7,30.66,42.13,84.08,38.2,34.82,242.76,18.02,78.57,56.15,20.33,48.59,68.04,118.19,57.49,94.16,49.62,65.58,547.39,9.45,43.96,55.06,47.76,103.81,26.84,185.45,54.04,92.85,94.45,79.71,105.01,72.12,35.72,44.03,93.75,86.1,267.71,153.38,187.25,84.68,122.59,169.43,19.2,45.14,44.5,108.09,61.18,68.83,72.08,92.32,123.07,30.61,45.38,41.13,36.07,73.17,35.59,30.51,72.01,64.27,87.35,129.64,20.32,224.52,56.76,41.47,134.39,70.81,88.9,54.95,230.24,111.04,21.72,37.24,24.31,173.37,53.01,43.01,35.9,184.06,86.31,,77.54,57.86,115.05,100.46,71.07,118.75,69.88,53.82,91.28,76.47,45.36,120.63,62.75,,77.88,97.53,94.72,72.89,59.13,83.34,51.89,128.93,49.94,54.12,64.17,62.83,62.95,48.05,31.19,148.25,28.94,,69.91,35.28,36.26,73.8,74.64,100.0,27.79,45.21,
2015-12-08,156.79,78.57,45.55,56.67,86.4,108.91,39.36,35.27,91.72,86.32,149.88,9.2,62.12,41.17,62.75,132.97,55.1,85.62,49.78,90.43,66.58,65.85,60.69,63.86,775.14,762.37,58.23,677.33,,2.39,42.74,44.55,55.88,69.91,96.88,58.45,111.57,100.47,53.83,159.35,54.33,58.02,92.9,131.6,95.1,44.87,118.23,18.95,85.5,73.2,85.84,33.85,62.2,63.96,796.09,179.36,64.23,,67.44,17.19,98.26,37.2,154.7,55.62,133.36,30.86,138.13,91.94,288.46,348.94,43.15,144.99,1303.97,41.29,124.86,18.73,69.4,147.78,54.15,32.61,,60.51,21.5,10.29,53.49,76.86,88.55,59.25,50.16,,27.05,66.54,66.24,36.09,44.3,66.66,57.4,16.34,,60.26,42.08,75.67,33.86,186.59,86.44,542.24,115.95,86.9,137.3,61.03,92.51,27.15,53.39,26.41,78.52,129.72,97.81,35.38,43.01,62.01,66.18,59.54,43.01,40.56,48.3,63.47,142.99,,134.88,38.96,17.83,,168.87,17.56,85.97,24.99,90.18,95.66,32.48,95.77,59.18,71.37,79.25,50.27,62.2,35.19,87.27,74.94,72.12,54.99,29.43,28.18,60.44,112.48,71.21,79.48,65.91,109.94,63.1,,80.62,68.44,20.56,66.6,,68.91,53.0,28.785,116.37,59.65,159.82,70.99,47.28,2.105,66.56,77.11,82.5,111.96,298.1,78.65,231.95,87.08,9.51,187.21,,51.11,26.54,125.63,46.68,86.55,74.63,103.45,172.38,40.2,144.69,148.39,20.03,67.13,31.9,63.05,94.67,147.6,40.01,13.97,34.52,,55.69,,,39.32,6.74,43.33,37.64,91.26,30.19,30.3,142.0,59.01,88.67,103.53,60.18,70.32,35.48,182.92,195.06,36.27,45.84,69.82,67.25,36.28,157.76,87.86,51.95,15.17,22.52,38.83,133.84,102.66,77.72,16.0,8.52,12.19,170.04,130.58,11.23,76.38,69.54,29.11,92.29,181.74,110.1,,34.75,261.18,138.05,39.3,23.55,121.03,98.32,513.14,32.85,91.88,67.53,26.98,73.7,78.22,43.02,102.42,33.23,65.96,29.77,70.82,13.04,29.21,121.56,25.46,15.72,68.73,71.53,41.41,84.27,125.1,80.4,,42.55,57.86,50.1,86.41,53.37,,24.81,29.36,218.81,38.02,77.17,26.54,87.37,123.56,14.92,52.73,112.92,69.58,55.87,148.56,29.75,98.18,13.38,86.54,116.53,188.91,78.08,53.47,106.49,49.23,334.36,21.91,46.21,14.6,55.79,88.2,,192.4,94.59,44.0,66.22,156.5,101.49,34.06,30.02,69.75,70.48,57.92,31.08,126.98,46.95,19.38,13.5,13.79,99.34,45.61,131.7,19.25,69.99,86.32,74.32,188.0,20.2,58.61,10.09,39.46,33.56,1690.49,87.55,258.75,67.3,60.86,76.31,21.46,38.73,,,48.45,65.65,49.84,97.75,53.48,39.0,35.6,15.6,52.62,16.24,100.17,50.69,32.53,88.77,86.45,63.55,140.35,94.86,81.82,102.75,33.11,48.25,77.75,30.96,42.44,84.84,37.98,35.22,246.2,18.78,79.75,57.28,20.27,49.48,68.42,118.67,59.01,94.23,50.14,65.51,556.33,9.64,44.28,56.42,49.76,103.91,26.99,186.28,54.48,93.43,95.84,81.08,107.9,71.5,35.43,44.69,94.02,87.72,270.86,154.96,187.96,87.1,123.48,170.72,18.63,45.3,45.04,109.34,62.16,70.96,73.1,93.52,124.68,31.36,46.08,41.17,36.89,74.11,36.25,31.22,72.66,65.12,89.18,131.3,20.59,226.72,57.67,41.18,136.05,71.33,90.03,55.36,232.67,112.37,21.95,37.9,24.99,179.0,52.61,43.55,36.31,185.08,87.23,,75.6,58.65,115.88,101.16,67.93,120.28,70.53,54.02,92.57,76.6,45.7,123.29,64.46,,79.07,98.0,98.3,73.41,59.61,83.66,52.53,130.16,50.5,54.4,64.38,63.43,64.0,48.0,31.55,157.66,27.24,,61.8,35.21,36.28,75.59,75.51,99.78,28.0,45.94,
2015-12-07,157.75,79.01,45.56,56.27,79.82,108.94,38.69,35.41,89.6,86.6,151.22,9.21,62.8,40.7,62.8,136.81,55.71,86.33,51.1,90.03,66.47,66.39,60.33,64.39,772.99,763.25,58.27,669.83,,2.355,42.97,45.78,56.25,70.61,97.69,58.4,113.31,99.98,55.11,158.3,54.71,58.5,92.83,132.78,96.74,44.22,118.28,18.91,86.53,74.22,86.81,34.27,61.98,63.75,752.17,179.03,65.09,,68.8,17.54,98.25,37.73,153.62,56.32,135.6,30.91,137.8,91.82,281.63,355.47,43.59,148.45,1302.42,42.76,125.0,18.57,68.84,148.83,54.65,33.07,,62.08,21.56,10.23,53.12,78.33,88.74,58.69,50.67,,27.02,68.36,69.26,36.38,44.1,68.04,57.75,16.41,,59.96,43.25,75.56,34.08,187.81,87.28,551.75,117.13,87.07,137.79,61.38,92.01,27.49,54.4,26.51,76.6,129.33,99.54,35.5,43.2,62.0,66.34,60.37,44.32,40.77,48.99,62.78,141.8,,132.33,38.99,18.04,,167.12,16.8,86.44,26.03,91.41,96.34,32.92,96.3,58.92,71.55,79.1,51.78,62.96,36.44,87.23,73.85,72.16,56.28,30.7,29.39,61.39,113.83,69.6,78.45,66.14,110.39,64.22,,81.18,68.5,20.72,67.1,,70.9,54.71,29.05,118.36,60.04,160.79,70.79,48.51,2.26,66.69,76.19,81.66,111.43,297.58,79.11,232.56,86.98,9.47,188.82,,51.18,26.76,125.04,47.17,86.25,76.8,104.01,171.75,40.83,144.29,152.57,20.79,68.16,32.48,63.51,94.6,147.51,41.41,14.12,34.49,,55.65,,,40.82,7.23,44.02,37.81,90.81,30.37,31.46,143.09,58.58,89.1,102.91,60.72,69.76,36.13,185.49,198.43,36.57,46.38,68.85,66.42,36.14,159.2,87.14,53.0,15.45,22.67,38.83,133.93,104.18,77.46,15.91,9.04,12.15,169.47,132.53,11.56,77.56,70.19,29.27,93.4,176.09,107.72,,34.985,263.67,139.55,39.78,23.52,121.28,98.83,522.52,33.56,91.79,67.41,27.3,75.7,78.87,43.9,103.32,33.83,67.0,29.83,70.51,13.24,29.18,122.11,25.59,16.42,67.48,71.43,41.43,83.84,124.71,77.89,,43.12,58.12,51.47,86.38,54.57,,25.07,29.13,219.13,38.33,76.45,27.13,90.49,125.59,14.78,53.69,113.56,69.5,56.79,147.31,29.94,97.82,13.25,87.4,116.42,188.98,77.95,53.68,105.61,50.12,338.66,22.32,46.68,14.85,55.81,88.42,,190.83,94.75,44.03,66.68,155.58,104.05,34.68,32.05,70.38,70.67,58.28,31.53,125.36,48.16,19.75,13.87,14.17,98.57,46.68,131.6,19.14,72.01,91.52,74.61,187.99,20.14,58.76,9.55,40.3,33.11,1720.0,86.25,256.9,69.32,61.92,76.53,21.62,38.82,,,49.02,66.93,50.45,100.23,53.51,39.48,35.16,15.72,54.98,16.49,100.67,51.41,32.66,88.79,86.69,63.13,137.51,96.49,82.59,104.99,33.57,49.05,78.37,31.02,42.66,86.09,38.07,35.07,243.15,19.38,80.48,57.63,20.85,52.43,68.83,119.59,59.15,95.91,50.27,65.66,546.61,10.03,43.94,56.53,50.11,106.84,27.18,188.26,53.82,93.65,97.02,80.68,109.03,72.8,35.1,45.3,95.0,87.98,270.6,155.44,187.83,86.69,123.67,174.09,18.79,45.28,49.58,110.17,61.89,72.52,76.47,94.14,126.28,31.35,46.25,41.07,36.59,75.16,36.11,31.07,73.39,66.25,91.32,131.87,20.6,231.13,58.35,41.9,135.53,70.98,87.93,57.25,237.14,113.59,22.23,38.7,24.46,176.32,51.8,44.11,36.42,184.24,86.58,,77.29,60.52,115.91,102.45,70.46,117.09,70.79,53.82,92.49,75.79,46.06,121.79,64.57,,79.55,98.14,97.93,75.99,60.5,84.87,52.1,130.81,50.08,55.42,64.15,62.15,63.37,48.96,31.77,157.86,26.97,,64.6,35.27,36.91,76.41,76.15,100.41,28.92,45.91,
2015-12-04,158.22,78.94,45.3,57.18,80.5,109.1,38.89,35.97,92.58,87.43,155.83,9.32,63.52,41.1,63.99,138.44,56.615,84.91,52.99,90.79,65.56,67.12,60.35,64.49,779.21,766.81,58.51,672.64,,2.28,43.34,44.97,55.84,71.1,97.55,58.01,114.94,99.89,55.31,161.43,54.79,59.21,93.65,132.75,96.65,45.79,119.03,19.03,87.85,74.2,86.56,34.11,62.25,65.29,760.99,182.11,65.56,,69.77,17.8,99.47,37.54,154.81,56.96,136.48,31.02,138.98,92.14,284.45,360.76,44.06,148.5,1300.48,43.3,124.84,18.51,69.11,147.56,54.95,33.02,,62.8,21.65,10.39,53.12,79.37,88.44,59.22,50.69,,27.65,69.98,69.47,36.67,44.62,70.04,58.69,16.51,,60.13,44.44,76.83,34.51,184.53,89.71,561.2,117.66,86.74,140.43,61.49,92.67,27.48,55.09,27.12,76.21,128.78,99.67,34.98,43.29,62.96,66.34,60.75,46.37,41.15,51.19,62.15,144.67,,130.34,39.04,18.03,,166.8,17.22,85.11,26.86,92.5,95.46,32.99,96.53,57.43,72.22,79.59,49.78,63.08,40.53,87.77,76.31,72.93,56.4,30.73,29.4,61.52,114.24,69.12,77.24,66.6,109.83,64.75,,80.53,67.04,20.72,67.75,,73.31,56.05,29.35,119.23,60.21,162.02,70.38,49.17,2.08,65.93,80.49,80.77,111.77,301.2,79.66,233.38,85.43,9.27,186.91,,50.63,26.71,125.92,47.83,85.79,78.86,104.61,173.04,40.14,144.73,155.47,21.06,69.12,32.82,65.04,95.45,150.52,42.44,14.2,35.22,,55.93,,,41.14,7.85,43.92,37.64,91.44,30.49,31.34,143.84,58.52,89.06,104.07,60.98,70.39,36.25,189.99,200.86,37.9,46.71,68.71,67.25,35.78,158.35,86.5,54.9,15.22,23.05,39.57,134.53,104.55,77.59,16.34,9.34,12.32,170.77,133.08,11.75,78.74,70.4,28.98,94.32,178.83,109.11,,34.935,264.14,140.43,40.23,23.44,121.25,98.63,521.4,33.83,92.14,68.02,27.6,77.63,79.0,44.6,102.95,33.96,67.89,29.8,70.18,13.41,29.58,121.3,25.6,16.82,67.57,72.22,40.55,84.27,124.74,77.68,,43.69,59.05,51.39,86.62,55.8,,25.14,29.03,218.39,38.41,76.76,26.71,96.33,126.06,16.12,55.63,113.88,71.04,56.86,155.27,30.02,98.7,13.11,86.46,116.2,190.54,78.14,53.64,106.18,51.07,338.72,22.63,47.37,15.5,55.91,88.95,,189.48,95.14,44.5,67.17,156.695,104.02,35.32,30.88,72.11,71.87,58.94,31.28,130.93,44.83,20.46,14.06,14.31,98.14,46.89,132.33,19.1,72.08,92.06,75.53,187.95,20.04,58.27,9.0,41.1,33.75,1705.75,90.45,258.61,71.72,63.02,75.24,24.8,39.16,,,49.78,67.07,50.01,102.44,53.71,40.16,35.62,15.94,55.83,16.82,101.06,52.25,32.8,89.7,90.2,62.38,146.1,97.19,84.16,105.96,33.74,49.14,77.83,31.22,42.7,86.72,38.63,35.32,241.9,19.42,81.82,59.54,21.54,52.34,68.57,120.84,59.32,95.73,50.01,65.68,558.66,10.26,44.31,57.8,50.31,106.73,27.09,189.48,54.16,94.27,98.33,82.14,108.53,74.71,34.45,45.97,97.67,89.99,272.42,157.59,187.36,87.92,123.14,173.82,18.88,44.83,49.41,110.06,61.75,73.69,74.24,94.34,129.0,32.03,47.37,41.1,35.45,76.03,36.49,30.58,73.9,66.41,92.11,133.6,20.78,230.38,58.88,42.08,137.07,70.99,88.04,58.43,238.01,114.06,22.54,38.95,25.02,179.65,52.04,44.34,36.73,184.08,87.31,,78.31,58.94,117.74,103.26,74.14,119.45,71.39,53.2,93.12,75.32,45.71,125.17,64.4,,80.4,97.79,99.54,76.19,59.66,84.62,52.66,131.0,49.45,55.67,63.65,62.8,64.58,50.42,32.05,160.19,31.11,,64.6,34.97,37.65,76.14,77.63,100.55,30.19,46.46,
2015-12-03,154.38,77.32,44.15,56.12,79.0,105.93,37.62,35.61,89.91,85.26,154.78,9.52,63.1,40.15,62.36,135.77,54.81,80.55,52.83,89.34,65.82,66.1,59.39,62.77,768.2,752.54,57.09,666.25,,2.23,42.25,43.27,54.7,70.42,97.89,57.41,111.3,98.71,54.71,154.65,53.62,59.05,92.36,129.43,93.68,45.76,115.2,18.76,85.87,75.22,82.99,33.1,61.14,64.41,757.37,176.21,64.0,,67.9,17.3,95.87,36.87,149.93,56.0,132.66,31.3,136.51,91.64,275.44,352.0,42.98,145.56,1280.08,42.23,122.38,18.04,66.45,144.78,54.04,32.36,,62.22,21.22,9.74,52.44,77.33,86.3,58.22,49.31,,26.79,69.64,68.12,35.98,43.47,68.91,56.83,16.45,,59.23,45.86,74.91,32.98,180.79,88.85,565.31,113.77,85.22,137.26,60.04,90.16,26.95,53.51,26.47,75.4,126.05,95.43,34.24,42.46,61.67,65.58,59.62,45.25,40.0,51.61,60.5,140.5,,142.05,38.84,17.83,,163.67,17.13,84.76,27.1,92.48,92.85,31.66,94.55,55.2,71.67,78.3,48.22,62.61,41.1,83.94,76.75,71.51,55.31,30.12,28.68,60.68,111.89,68.12,74.09,65.17,107.44,65.66,,78.27,66.23,20.23,66.23,,71.14,55.62,28.59,117.89,58.64,157.4,67.22,48.58,2.13,64.36,80.99,79.18,109.35,295.22,77.63,227.61,83.83,9.2,183.76,,49.32,27.14,122.27,46.58,84.36,78.41,102.42,169.26,39.44,141.59,153.63,20.475,67.36,32.05,64.07,93.77,148.95,41.92,13.98,34.7,,55.02,,,40.42,7.68,42.96,37.17,90.88,30.03,31.44,141.96,57.27,88.12,101.38,59.97,69.34,35.47,185.2,198.8,38.01,45.27,70.41,67.38,35.09,156.3,84.56,55.56,14.62,22.84,39.17,130.93,102.4,75.76,15.99,8.99,12.15,168.6,130.1,11.43,77.96,70.02,29.24,92.36,174.14,106.83,,34.04,253.84,138.92,39.61,22.95,119.14,96.38,508.66,33.17,92.06,65.78,27.37,77.01,78.94,44.73,100.79,33.74,65.8,29.31,68.53,12.95,29.05,118.25,25.27,19.26,66.61,71.46,39.91,82.92,121.0,76.44,,43.54,57.37,50.09,83.06,54.49,,24.96,28.56,215.46,37.5,75.12,26.46,95.17,122.79,16.55,54.44,109.5,68.78,55.35,153.64,29.51,95.96,13.05,84.54,113.39,190.3,76.67,52.59,104.38,50.06,332.17,22.39,46.43,15.61,54.2,86.8,,184.14,91.96,42.61,66.56,153.07,101.36,34.45,31.03,71.08,69.64,56.98,30.86,126.81,43.8,18.73,13.78,14.04,96.42,45.67,129.12,18.93,71.14,93.11,72.77,183.06,19.71,57.29,10.97,40.88,32.43,1662.92,89.92,253.37,72.43,62.62,74.1,26.79,37.81,,,48.79,66.77,49.33,101.31,52.65,40.11,34.23,15.83,55.83,16.47,99.09,50.89,32.39,87.34,88.57,61.11,145.18,93.85,81.61,104.3,33.01,48.2,75.74,30.39,41.48,84.53,38.16,34.78,236.83,18.89,83.02,58.09,22.94,51.4,66.21,122.17,58.08,94.7,48.78,64.96,535.73,9.97,43.57,58.32,49.72,104.08,26.91,187.62,52.51,91.5,95.75,79.93,106.9,74.81,33.77,45.12,96.96,88.09,266.01,153.98,181.69,83.44,120.3,170.5,18.8,44.18,47.29,108.29,59.55,71.34,73.53,92.58,125.63,31.09,46.57,40.51,34.56,75.17,35.78,29.87,73.19,66.01,90.86,129.75,20.38,232.71,57.69,41.17,132.57,69.84,85.66,57.64,234.39,111.29,22.86,37.88,25.9,175.37,51.48,43.2,36.04,163.19,84.15,,79.2,56.74,115.0,102.29,75.2,118.16,69.99,52.08,92.04,74.15,44.56,122.06,63.82,,78.29,96.38,98.61,75.65,59.04,81.94,51.84,127.56,48.12,54.2,62.71,61.98,63.62,50.53,31.46,157.61,33.26,,65.08,34.42,36.74,73.13,77.22,99.36,29.47,45.2,
2015-12-02,155.7,79.49,45.22,57.72,84.72,107.59,38.38,36.52,92.02,86.91,157.93,9.6,65.59,40.42,63.5,138.5,56.07,81.7,52.28,91.02,67.93,67.31,60.62,62.89,777.85,762.38,57.84,676.01,,2.27,42.83,43.82,55.33,71.2,99.46,57.15,113.0,98.85,55.8,160.52,54.59,60.74,93.43,132.92,94.53,47.32,116.28,19.13,86.64,75.32,84.62,33.56,61.93,64.55,769.13,180.86,65.31,,67.5,17.62,96.1,37.36,151.78,56.62,135.27,30.9,139.47,92.01,284.96,358.92,43.49,146.96,1275.44,42.78,123.48,18.41,67.78,132.21,54.65,32.72,,63.58,22.22,9.48,52.69,78.77,87.29,57.98,51.18,,27.58,71.03,69.85,36.88,43.62,68.98,59.02,16.6,,60.33,45.06,76.45,33.59,186.77,90.25,574.66,115.38,85.76,139.74,60.94,92.04,27.44,54.14,26.64,77.19,126.35,98.23,34.79,42.77,64.04,65.68,60.48,45.85,40.81,52.55,61.47,141.84,,149.38,39.25,18.74,,161.09,17.93,85.83,27.53,94.85,94.5,32.31,95.98,56.3,72.77,79.33,48.33,62.44,43.53,86.22,76.79,72.09,56.01,30.18,28.78,62.25,114.0,65.35,76.04,66.14,108.8,65.05,,78.68,66.13,20.51,67.27,,71.78,57.13,28.97,118.64,58.67,162.86,69.34,48.91,2.02,65.31,80.86,78.68,111.96,299.66,79.93,228.92,83.79,9.23,184.52,,49.73,27.34,123.11,47.24,85.07,79.55,104.82,171.07,40.14,144.01,157.87,20.75,69.05,31.98,64.98,95.87,151.96,41.14,14.26,35.9,,56.4,,,41.03,7.83,43.46,37.48,92.4,29.97,31.92,145.35,57.79,88.66,104.44,60.8,71.67,35.73,190.26,199.56,38.95,45.96,72.51,70.01,35.53,159.1,85.21,56.74,14.95,23.29,40.87,133.81,103.1,75.48,16.4,9.35,11.95,173.13,131.21,11.67,78.35,71.88,29.32,93.38,181.6,113.85,,34.83,259.05,139.7,40.07,23.05,120.41,99.5,517.56,33.61,93.59,66.75,27.49,78.01,79.14,44.14,102.05,34.09,66.66,30.29,68.89,13.13,29.8,119.77,25.98,20.66,67.72,73.04,38.11,83.74,124.18,78.65,,45.18,58.42,51.3,84.56,54.93,,25.19,29.08,218.94,38.25,76.3,26.47,95.08,125.07,16.67,58.01,106.44,71.69,55.83,157.96,30.17,97.1,14.1,85.51,113.72,189.99,76.11,53.82,106.07,50.86,336.12,23.43,46.66,15.82,55.21,88.56,,190.06,92.75,43.86,67.29,154.81,102.9,34.89,30.71,71.89,70.39,58.51,30.93,128.93,44.64,17.85,14.41,14.61,97.99,46.64,132.65,19.29,72.6,92.15,74.2,185.69,19.66,57.93,10.79,41.25,32.5,1677.37,91.92,261.7,75.31,62.96,74.14,26.99,38.7,,,51.25,67.46,50.05,101.95,53.91,41.42,35.15,15.9,56.01,16.65,99.48,52.56,32.9,87.3,90.44,62.06,143.82,95.22,82.55,105.34,33.18,51.16,75.79,30.83,42.35,86.25,38.46,35.86,240.15,19.08,93.38,58.48,22.6,51.85,68.69,125.72,58.64,95.25,49.61,66.42,546.88,10.1,44.16,59.89,51.33,105.27,27.25,188.1,53.52,94.75,97.42,80.88,108.13,75.81,34.54,44.97,98.38,87.53,273.21,156.6,183.02,84.63,120.62,171.99,19.98,44.21,47.51,109.37,61.22,72.36,76.18,96.26,128.18,31.84,50.03,41.01,35.72,75.54,35.88,30.88,71.93,66.67,92.45,133.52,20.86,231.99,57.55,41.74,136.77,70.73,89.4,58.04,236.4,114.71,23.44,38.49,25.4,178.71,50.58,43.77,36.64,163.52,86.92,,82.08,57.91,117.64,103.3,76.21,122.94,71.69,52.92,89.51,74.97,44.92,130.41,65.47,,79.04,97.06,103.06,78.88,58.35,83.31,53.51,130.79,48.69,55.08,63.45,63.73,62.4,50.37,31.76,161.41,35.4,,68.5,35.22,36.95,74.95,78.06,102.26,29.94,46.37,
2015-12-01,156.9,80.75,45.46,59.02,83.84,108.13,38.57,36.7,92.55,87.56,162.34,9.98,65.99,41.06,64.12,138.0,57.66,81.17,52.95,93.05,67.09,68.03,61.4,63.5,783.79,767.04,57.89,679.06,,2.34,43.83,43.26,56.73,72.2,101.17,57.87,114.61,99.5,56.67,161.98,55.49,61.57,94.18,135.82,95.7,49.15,117.34,19.18,88.63,74.3,85.26,33.77,62.59,64.72,779.24,184.89,66.18,,68.84,17.81,96.03,37.94,152.67,56.36,136.43,31.37,140.04,91.5,290.04,361.73,43.91,147.74,1282.5,43.42,126.67,18.52,68.26,132.89,55.21,32.8,,67.95,22.27,9.75,52.81,79.82,88.91,57.26,51.46,,28.16,71.56,70.44,37.71,44.17,70.59,59.01,16.99,,60.16,45.0,78.21,34.02,188.88,92.48,580.74,116.13,86.86,139.59,61.47,93.14,27.57,54.88,26.5,77.83,126.64,97.85,35.39,42.89,65.2,65.83,61.75,46.74,40.89,54.61,62.59,142.85,,147.99,39.36,18.82,,161.29,18.6,87.28,28.6,92.41,95.45,33.03,96.65,56.72,73.52,79.49,47.67,61.97,46.49,86.17,78.2,72.8,57.15,31.08,29.53,63.66,115.39,65.72,75.97,67.41,108.86,66.57,,80.67,68.06,20.87,67.28,,72.54,58.45,29.05,119.67,59.3,164.84,68.63,49.62,1.89,67.39,84.05,79.78,112.52,300.63,81.13,235.36,85.03,9.28,186.85,,50.77,27.85,125.04,48.91,85.71,81.89,103.99,171.33,40.92,147.66,160.45,21.02,69.28,32.27,64.49,97.2,153.49,41.97,14.56,36.1,,55.86,,,41.83,8.33,43.86,37.87,93.87,30.17,32.53,147.6,58.26,90.61,105.85,61.19,71.09,36.26,193.07,201.64,40.4,46.2,73.13,71.16,36.13,159.13,85.62,59.55,15.61,23.59,41.22,134.43,104.15,75.51,16.85,9.48,12.74,173.55,133.75,11.8,78.93,71.54,29.32,94.16,187.41,112.21,,35.09,260.95,141.28,41.22,23.34,122.0,101.79,522.25,33.9,92.12,68.94,28.04,79.23,79.58,44.96,102.36,34.99,67.61,30.43,69.38,13.3,29.99,121.13,26.65,22.42,67.9,74.47,38.2,83.99,125.32,79.59,,44.8,59.01,52.31,86.5,55.5,,25.59,29.7,220.2,38.31,77.13,27.03,97.08,126.15,17.63,59.34,106.7,72.26,56.01,159.34,30.42,97.93,14.23,86.72,114.45,191.25,76.51,54.57,107.12,51.56,342.17,23.28,48.49,16.55,55.22,89.88,,191.02,93.17,44.32,68.88,157.22,103.44,35.27,31.82,72.05,70.56,58.72,30.97,125.37,45.51,18.39,14.63,14.78,100.57,47.46,133.31,19.39,73.2,94.81,75.02,187.31,19.74,58.7,12.35,42.16,32.75,1702.92,94.09,262.33,76.69,63.32,75.0,29.21,39.23,,,51.59,68.85,51.1,103.5,54.15,44.14,35.17,15.95,57.08,16.85,101.06,53.66,33.62,87.78,92.67,63.52,149.25,96.35,82.53,106.76,34.2,52.12,75.94,31.17,43.67,87.49,39.62,36.13,243.11,19.65,92.22,58.04,22.56,49.3,69.11,124.83,58.96,96.7,50.62,68.12,545.74,10.25,44.31,59.93,52.03,106.92,27.47,191.68,53.09,94.38,97.47,81.01,109.45,78.17,36.51,45.53,100.06,86.47,277.56,158.23,188.66,83.76,120.81,173.47,19.74,45.18,47.04,110.15,61.37,72.43,76.9,96.79,131.69,32.41,50.49,41.04,36.18,76.49,35.99,31.57,72.81,67.6,93.23,134.04,21.01,237.19,58.31,42.72,138.35,70.78,89.66,58.98,238.22,115.68,22.78,38.97,25.53,176.8,50.65,44.31,37.31,165.83,87.18,,84.4,56.99,116.26,104.38,78.41,125.33,72.57,53.96,90.9,76.1,45.58,130.36,65.6,,79.91,98.82,103.72,80.04,58.99,83.99,53.92,133.38,49.91,55.71,64.81,63.96,63.93,51.02,32.14,163.26,36.66,,66.81,35.97,37.64,74.48,79.89,102.72,30.41,47.01,
